file	bpd	bound	scope	arm	conv	quantile	n	p50	p95	p99	max	within_bound	mean_signed
ScriptLog-DPMExtended-clean.log	53	0.044403	key	T	binning	P1	95	0.014422	0.034802	0.034802	0.034802	1.000000	0.008719
ScriptLog-DPMExtended-clean.log	53	0.044403	key	T	raw	P1	95	0.014422	0.034802	0.034802	0.034802	1.000000	0.008719
ScriptLog-DPMExtended-clean.log	53	0.044403	key	T	binning	P50	95	0.016219	0.032457	0.035141	0.035141	1.000000	-0.005156
ScriptLog-DPMExtended-clean.log	53	0.044403	key	T	raw	P50	95	0.016219	0.032457	0.035141	0.035141	1.000000	-0.005362
ScriptLog-DPMExtended-clean.log	53	0.044403	key	T	binning	P75	95	0.007716	0.020839	0.033552	0.033552	1.000000	-0.001807
ScriptLog-DPMExtended-clean.log	53	0.044403	key	T	raw	P75	95	0.007716	0.020839	0.033552	0.033552	1.000000	-0.001955
ScriptLog-DPMExtended-clean.log	53	0.044403	key	T	binning	P90	95	0.010001	0.024693	0.030233	0.030233	1.000000	0.010269
ScriptLog-DPMExtended-clean.log	53	0.044403	key	T	raw	P90	95	0.010001	0.024693	0.030233	0.030233	1.000000	0.010269
ScriptLog-DPMExtended-clean.log	53	0.044403	key	T	binning	P95	95	0.016724	0.033164	0.039283	0.039283	1.000000	0.016364
ScriptLog-DPMExtended-clean.log	53	0.044403	key	T	raw	P95	95	0.016724	0.033164	0.039283	0.039283	1.000000	0.016364
ScriptLog-DPMExtended-clean.log	53	0.044403	key	T	binning	P99	95	0.021960	0.038893	0.044277	0.044277	1.000000	0.021869
ScriptLog-DPMExtended-clean.log	53	0.044403	key	T	raw	P99	95	0.021960	0.038893	0.044277	0.044277	1.000000	0.021869
ScriptLog-DPMExtended-clean.log	53	0.044403	key	T	binning	P999	95	0.025232	0.039969	0.044081	0.044081	1.000000	0.022986
ScriptLog-DPMExtended-clean.log	53	0.044403	key	T	raw	P999	95	0.025232	0.039969	0.044081	0.044081	1.000000	0.022986
ScriptLog-DPMExtended-clean.log	53	0.044403	key	G	binning	P1	95	0.034368	0.044403	0.044403	0.044403	1.000000	0.018347
ScriptLog-DPMExtended-clean.log	53	0.044403	key	G	raw	P1	95	0.034368	0.044403	0.044403	0.044403	1.000000	0.018347
ScriptLog-DPMExtended-clean.log	53	0.044403	key	G	binning	P50	95	0.006375	0.018440	0.038184	0.038184	1.000000	0.002039
ScriptLog-DPMExtended-clean.log	53	0.044403	key	G	raw	P50	95	0.006458	0.018440	0.038184	0.038184	1.000000	0.001857
ScriptLog-DPMExtended-clean.log	53	0.044403	key	G	binning	P75	95	0.023417	0.036841	0.038161	0.038161	1.000000	0.003131
ScriptLog-DPMExtended-clean.log	53	0.044403	key	G	raw	P75	95	0.023417	0.036841	0.038161	0.038161	1.000000	0.002983
ScriptLog-DPMExtended-clean.log	53	0.044403	key	G	binning	P90	95	0.017431	0.032726	0.035894	0.035894	1.000000	0.001415
ScriptLog-DPMExtended-clean.log	53	0.044403	key	G	raw	P90	95	0.017431	0.032726	0.035894	0.035894	1.000000	0.001415
ScriptLog-DPMExtended-clean.log	53	0.044403	key	G	binning	P95	95	0.006186	0.035941	0.038972	0.038972	1.000000	0.000444
ScriptLog-DPMExtended-clean.log	53	0.044403	key	G	raw	P95	95	0.006186	0.035941	0.038972	0.038972	1.000000	0.000444
ScriptLog-DPMExtended-clean.log	53	0.044403	key	G	binning	P99	95	0.003953	0.042344	0.042826	0.042826	1.000000	0.016174
ScriptLog-DPMExtended-clean.log	53	0.044403	key	G	raw	P99	95	0.003953	0.042344	0.042826	0.042826	1.000000	0.016174
ScriptLog-DPMExtended-clean.log	53	0.044403	key	G	binning	P999	95	0.019632	0.043850	0.043850	0.043850	1.000000	0.024899
ScriptLog-DPMExtended-clean.log	53	0.044403	key	G	raw	P999	95	0.019632	0.043850	0.043850	0.043850	1.000000	0.024899
ScriptLog-DPMExtended-clean.log	53	0.044403	small	T	binning	P1	3310	0.016160	0.035899	0.040012	0.044294	1.000000	-0.006150
ScriptLog-DPMExtended-clean.log	53	0.044403	small	T	raw	P1	3310	0.016160	0.035899	0.040012	0.044294	1.000000	-0.006150
ScriptLog-DPMExtended-clean.log	53	0.044403	small	T	binning	P50	3310	0.008179	0.028995	0.040050	0.050061	0.999698	0.007495
ScriptLog-DPMExtended-clean.log	53	0.044403	small	T	raw	P50	3310	0.008059	0.031566	0.277263	0.858883	0.984290	-0.001928
ScriptLog-DPMExtended-clean.log	53	0.044403	small	T	binning	P75	3310	0.015637	0.038229	0.042445	0.052608	0.998489	0.015316
ScriptLog-DPMExtended-clean.log	53	0.044403	small	T	raw	P75	3310	0.015637	0.040131	0.320947	0.718576	0.974622	0.005881
ScriptLog-DPMExtended-clean.log	53	0.044403	small	T	binning	P90	3310	0.020032	0.040047	0.043142	0.057902	0.996677	0.017698
ScriptLog-DPMExtended-clean.log	53	0.044403	small	T	raw	P90	3310	0.020032	0.040149	0.043177	0.346399	0.995770	0.017500
ScriptLog-DPMExtended-clean.log	53	0.044403	small	T	binning	P95	3310	0.021960	0.040279	0.043675	0.058079	0.996979	0.020304
ScriptLog-DPMExtended-clean.log	53	0.044403	small	T	raw	P95	3310	0.021960	0.040279	0.043675	0.058079	0.996979	0.020304
ScriptLog-DPMExtended-clean.log	53	0.044403	small	T	binning	P99	3310	0.021960	0.040722	0.043572	0.044380	1.000000	0.021601
ScriptLog-DPMExtended-clean.log	53	0.044403	small	T	raw	P99	3310	0.021960	0.040722	0.043572	0.044380	1.000000	0.021601
ScriptLog-DPMExtended-clean.log	53	0.044403	small	T	binning	P999	3310	0.021960	0.040829	0.043572	0.044380	1.000000	0.021633
ScriptLog-DPMExtended-clean.log	53	0.044403	small	T	raw	P999	3310	0.021960	0.040829	0.043572	0.044380	1.000000	0.021633
ScriptLog-DPMExtended-clean.log	53	0.044403	small	G	binning	P1	3310	0.006151	0.034368	0.042654	0.044403	1.000000	0.003203
ScriptLog-DPMExtended-clean.log	53	0.044403	small	G	raw	P1	3310	0.006151	0.034368	0.042654	0.044403	1.000000	0.003203
ScriptLog-DPMExtended-clean.log	53	0.044403	small	G	binning	P50	3310	0.011595	0.029387	0.041173	0.044403	1.000000	0.001676
ScriptLog-DPMExtended-clean.log	53	0.044403	small	G	raw	P50	3310	0.011506	0.032177	0.255261	0.856265	0.984894	-0.007700
ScriptLog-DPMExtended-clean.log	53	0.044403	small	G	binning	P75	3310	0.009157	0.036114	0.043233	0.044403	1.000000	0.009735
ScriptLog-DPMExtended-clean.log	53	0.044403	small	G	raw	P75	3310	0.009157	0.038983	0.314967	0.727188	0.975831	0.000253
ScriptLog-DPMExtended-clean.log	53	0.044403	small	G	binning	P90	3310	0.015680	0.041176	0.044222	0.044403	1.000000	0.012828
ScriptLog-DPMExtended-clean.log	53	0.044403	small	G	raw	P90	3310	0.015680	0.041231	0.044222	0.324092	0.999094	0.012603
ScriptLog-DPMExtended-clean.log	53	0.044403	small	G	binning	P95	3310	0.016918	0.042635	0.044403	0.044403	1.000000	0.017319
ScriptLog-DPMExtended-clean.log	53	0.044403	small	G	raw	P95	3310	0.016918	0.042635	0.044403	0.044403	1.000000	0.017319
ScriptLog-DPMExtended-clean.log	53	0.044403	small	G	binning	P99	3310	0.018926	0.042876	0.044403	0.044403	1.000000	0.021188
ScriptLog-DPMExtended-clean.log	53	0.044403	small	G	raw	P99	3310	0.018926	0.042876	0.044403	0.044403	1.000000	0.021188
ScriptLog-DPMExtended-clean.log	53	0.044403	small	G	binning	P999	3310	0.019116	0.043247	0.044403	0.044403	1.000000	0.021439
ScriptLog-DPMExtended-clean.log	53	0.044403	small	G	raw	P999	3310	0.019116	0.043247	0.044403	0.044403	1.000000	0.021439
ScriptLog-DPMExtended-clean.log	53	0.044403	pair	T	binning	P1	1655	0.018968	0.046206	0.048360	0.054536	0.932931	-0.012367
ScriptLog-DPMExtended-clean.log	53	0.044403	pair	T	raw	P1	1655	0.018968	0.046206	0.048360	0.054536	0.932931	-0.012367
ScriptLog-DPMExtended-clean.log	53	0.044403	pair	T	binning	P50	1655	0.007951	0.032184	0.043857	0.057873	0.990332	0.007059
ScriptLog-DPMExtended-clean.log	53	0.044403	pair	T	raw	P50	1655	0.007846	0.978211	0.995788	0.998331	0.865861	-0.090946
ScriptLog-DPMExtended-clean.log	53	0.044403	pair	T	binning	P75	1655	0.013363	0.042967	0.052559	0.066178	0.958912	0.013315
ScriptLog-DPMExtended-clean.log	53	0.044403	pair	T	raw	P75	1655	0.013363	0.045425	0.107371	0.684781	0.949245	0.007947
ScriptLog-DPMExtended-clean.log	53	0.044403	pair	T	binning	P90	1655	0.013374	0.042732	0.054985	0.063401	0.955287	0.012601
ScriptLog-DPMExtended-clean.log	53	0.044403	pair	T	raw	P90	1655	0.013370	0.042816	0.054985	0.063401	0.954683	0.012536
ScriptLog-DPMExtended-clean.log	53	0.044403	pair	T	binning	P95	1655	0.016850	0.047090	0.054985	0.061485	0.937764	0.017334
ScriptLog-DPMExtended-clean.log	53	0.044403	pair	T	raw	P95	1655	0.016853	0.047190	0.055028	0.123064	0.937160	0.017260
ScriptLog-DPMExtended-clean.log	53	0.044403	pair	T	binning	P99	1655	0.017896	0.046025	0.054009	0.065275	0.945015	0.018055
ScriptLog-DPMExtended-clean.log	53	0.044403	pair	T	raw	P99	1655	0.017896	0.046025	0.054009	0.065275	0.945015	0.018055
ScriptLog-DPMExtended-clean.log	53	0.044403	pair	T	binning	P999	1655	0.018278	0.046025	0.054009	0.065275	0.945015	0.019123
ScriptLog-DPMExtended-clean.log	53	0.044403	pair	T	raw	P999	1655	0.018278	0.046025	0.054009	0.065275	0.945015	0.019123
ScriptLog-DPMExtended-clean.log	53	0.044403	pair	G	binning	P1	1655	0.007589	0.035520	0.043679	0.044403	1.000000	-0.001096
ScriptLog-DPMExtended-clean.log	53	0.044403	pair	G	raw	P1	1655	0.007589	0.035520	0.043679	0.044403	1.000000	-0.001096
ScriptLog-DPMExtended-clean.log	53	0.044403	pair	G	binning	P50	1655	0.010881	0.027666	0.040726	0.044403	1.000000	0.001698
ScriptLog-DPMExtended-clean.log	53	0.044403	pair	G	raw	P50	1655	0.011604	0.977780	0.995875	0.998283	0.871903	-0.096608
ScriptLog-DPMExtended-clean.log	53	0.044403	pair	G	binning	P75	1655	0.006857	0.032932	0.042635	0.044403	1.000000	0.006372
ScriptLog-DPMExtended-clean.log	53	0.044403	pair	G	raw	P75	1655	0.006724	0.033607	0.128283	0.675900	0.989728	0.001013
ScriptLog-DPMExtended-clean.log	53	0.044403	pair	G	binning	P90	1655	0.012371	0.035645	0.042827	0.044403	1.000000	0.007968
ScriptLog-DPMExtended-clean.log	53	0.044403	pair	G	raw	P90	1655	0.012471	0.035645	0.042876	0.082121	0.999396	0.007904
ScriptLog-DPMExtended-clean.log	53	0.044403	pair	G	binning	P95	1655	0.015328	0.041279	0.044222	0.044403	1.000000	0.014817
ScriptLog-DPMExtended-clean.log	53	0.044403	pair	G	raw	P95	1655	0.015328	0.041279	0.044222	0.141363	0.999396	0.014719
ScriptLog-DPMExtended-clean.log	53	0.044403	pair	G	binning	P99	1655	0.019924	0.043007	0.044403	0.044403	1.000000	0.021645
ScriptLog-DPMExtended-clean.log	53	0.044403	pair	G	raw	P99	1655	0.019924	0.043007	0.044403	0.044403	1.000000	0.021645
ScriptLog-DPMExtended-clean.log	53	0.044403	pair	G	binning	P999	1655	0.021717	0.043233	0.044403	0.044403	1.000000	0.022582
ScriptLog-DPMExtended-clean.log	53	0.044403	pair	G	raw	P999	1655	0.021717	0.043233	0.044403	0.044403	1.000000	0.022582
ScriptLog-DPMExtended-clean.log	53	0.044403	fold1	T	binning	P1	413	0.019791	0.046206	0.047983	0.051205	0.929782	-0.011699
ScriptLog-DPMExtended-clean.log	53	0.044403	fold1	T	raw	P1	413	0.019791	0.046206	0.047983	0.051205	0.929782	-0.011699
ScriptLog-DPMExtended-clean.log	53	0.044403	fold1	T	binning	P50	413	0.008112	0.032608	0.046251	0.055362	0.985472	0.007793
ScriptLog-DPMExtended-clean.log	53	0.044403	fold1	T	raw	P50	413	0.007637	0.966427	0.995333	0.996331	0.866828	-0.083681
ScriptLog-DPMExtended-clean.log	53	0.044403	fold1	T	binning	P75	413	0.012830	0.043007	0.054456	0.066178	0.958838	0.013000
ScriptLog-DPMExtended-clean.log	53	0.044403	fold1	T	raw	P75	413	0.012709	0.043565	0.054985	0.342263	0.953995	0.010239
ScriptLog-DPMExtended-clean.log	53	0.044403	fold1	T	binning	P90	413	0.012993	0.041852	0.053220	0.056548	0.958838	0.011835
ScriptLog-DPMExtended-clean.log	53	0.044403	fold1	T	raw	P90	413	0.012993	0.041852	0.053220	0.056548	0.958838	0.011827
ScriptLog-DPMExtended-clean.log	53	0.044403	fold1	T	binning	P95	413	0.016035	0.047939	0.053306	0.055815	0.932203	0.017435
ScriptLog-DPMExtended-clean.log	53	0.044403	fold1	T	raw	P95	413	0.016035	0.047939	0.053306	0.055815	0.932203	0.017435
ScriptLog-DPMExtended-clean.log	53	0.044403	fold1	T	binning	P99	413	0.017912	0.046156	0.051898	0.055815	0.946731	0.018176
ScriptLog-DPMExtended-clean.log	53	0.044403	fold1	T	raw	P99	413	0.017912	0.046156	0.051898	0.055815	0.946731	0.018176
ScriptLog-DPMExtended-clean.log	53	0.044403	fold1	T	binning	P999	413	0.018119	0.046156	0.051898	0.055815	0.946731	0.019227
ScriptLog-DPMExtended-clean.log	53	0.044403	fold1	T	raw	P999	413	0.018119	0.046156	0.051898	0.055815	0.946731	0.019227
ScriptLog-DPMExtended-clean.log	53	0.044403	fold1	G	binning	P1	413	0.007769	0.038746	0.044403	0.044403	1.000000	-0.001138
ScriptLog-DPMExtended-clean.log	53	0.044403	fold1	G	raw	P1	413	0.007769	0.038746	0.044403	0.044403	1.000000	-0.001138
ScriptLog-DPMExtended-clean.log	53	0.044403	fold1	G	binning	P50	413	0.010920	0.028426	0.039425	0.044403	1.000000	0.001725
ScriptLog-DPMExtended-clean.log	53	0.044403	fold1	G	raw	P50	413	0.012005	0.967018	0.995252	0.996411	0.871671	-0.090519
ScriptLog-DPMExtended-clean.log	53	0.044403	fold1	G	binning	P75	413	0.006581	0.030835	0.043087	0.044403	1.000000	0.005585
ScriptLog-DPMExtended-clean.log	53	0.044403	fold1	G	raw	P75	413	0.006374	0.030835	0.044403	0.338100	0.995157	0.002603
ScriptLog-DPMExtended-clean.log	53	0.044403	fold1	G	binning	P90	413	0.012792	0.035307	0.042429	0.044403	1.000000	0.007737
ScriptLog-DPMExtended-clean.log	53	0.044403	fold1	G	raw	P90	413	0.012792	0.035154	0.042429	0.044403	1.000000	0.007729
ScriptLog-DPMExtended-clean.log	53	0.044403	fold1	G	binning	P95	413	0.016377	0.042310	0.044222	0.044403	1.000000	0.014966
ScriptLog-DPMExtended-clean.log	53	0.044403	fold1	G	raw	P95	413	0.016377	0.042310	0.044222	0.044403	1.000000	0.014966
ScriptLog-DPMExtended-clean.log	53	0.044403	fold1	G	binning	P99	413	0.019901	0.043679	0.044403	0.044403	1.000000	0.021986
ScriptLog-DPMExtended-clean.log	53	0.044403	fold1	G	raw	P99	413	0.019901	0.043679	0.044403	0.044403	1.000000	0.021986
ScriptLog-DPMExtended-clean.log	53	0.044403	fold1	G	binning	P999	413	0.020681	0.043679	0.044403	0.044403	1.000000	0.022655
ScriptLog-DPMExtended-clean.log	53	0.044403	fold1	G	raw	P999	413	0.020681	0.043679	0.044403	0.044403	1.000000	0.022655
ScriptLog-DPMExtended-clean.log	53	0.044403	fold2	T	binning	P1	413	0.020780	0.049167	0.052448	0.054266	0.864407	-0.014354
ScriptLog-DPMExtended-clean.log	53	0.044403	fold2	T	raw	P1	413	0.020780	0.049167	0.052448	0.054266	0.864407	-0.014354
ScriptLog-DPMExtended-clean.log	53	0.044403	fold2	T	binning	P50	413	0.008711	0.037221	0.044787	0.066325	0.987893	0.007525
ScriptLog-DPMExtended-clean.log	53	0.044403	fold2	T	raw	P50	413	0.008729	0.038325	0.066325	0.847168	0.980630	0.000086
ScriptLog-DPMExtended-clean.log	53	0.044403	fold2	T	binning	P75	413	0.011821	0.037294	0.047141	0.065744	0.985472	0.009660
ScriptLog-DPMExtended-clean.log	53	0.044403	fold2	T	raw	P75	413	0.011640	0.038199	0.048252	0.343348	0.980630	0.007349
ScriptLog-DPMExtended-clean.log	53	0.044403	fold2	T	binning	P90	413	0.011232	0.041903	0.054701	0.057270	0.966102	0.010417
ScriptLog-DPMExtended-clean.log	53	0.044403	fold2	T	raw	P90	413	0.011232	0.041903	0.054701	0.057270	0.966102	0.010417
ScriptLog-DPMExtended-clean.log	53	0.044403	fold2	T	binning	P95	413	0.014006	0.047084	0.052977	0.054985	0.929782	0.014913
ScriptLog-DPMExtended-clean.log	53	0.044403	fold2	T	raw	P95	413	0.014006	0.047084	0.052977	0.054985	0.929782	0.014913
ScriptLog-DPMExtended-clean.log	53	0.044403	fold2	T	binning	P99	413	0.016865	0.047094	0.053849	0.062921	0.937046	0.017840
ScriptLog-DPMExtended-clean.log	53	0.044403	fold2	T	raw	P99	413	0.016865	0.047094	0.053849	0.062921	0.937046	0.017840
ScriptLog-DPMExtended-clean.log	53	0.044403	fold2	T	binning	P999	413	0.017852	0.047094	0.053849	0.062921	0.934625	0.019123
ScriptLog-DPMExtended-clean.log	53	0.044403	fold2	T	raw	P999	413	0.017852	0.047094	0.053849	0.062921	0.934625	0.019123
ScriptLog-DPMExtended-clean.log	53	0.044403	fold2	G	binning	P1	413	0.008503	0.040320	0.044403	0.044403	1.000000	-0.002790
ScriptLog-DPMExtended-clean.log	53	0.044403	fold2	G	raw	P1	413	0.008503	0.040320	0.044403	0.044403	1.000000	-0.002790
ScriptLog-DPMExtended-clean.log	53	0.044403	fold2	G	binning	P50	413	0.008548	0.021246	0.035435	0.044403	1.000000	0.000044
ScriptLog-DPMExtended-clean.log	53	0.044403	fold2	G	raw	P50	413	0.008541	0.021246	0.044403	0.846671	0.990315	-0.007258
ScriptLog-DPMExtended-clean.log	53	0.044403	fold2	G	binning	P75	413	0.006295	0.030376	0.038082	0.042470	1.000000	0.003455
ScriptLog-DPMExtended-clean.log	53	0.044403	fold2	G	raw	P75	413	0.006080	0.029832	0.038491	0.338100	0.995157	0.000984
ScriptLog-DPMExtended-clean.log	53	0.044403	fold2	G	binning	P90	413	0.010544	0.031744	0.042028	0.044403	1.000000	0.005550
ScriptLog-DPMExtended-clean.log	53	0.044403	fold2	G	raw	P90	413	0.010544	0.031744	0.042028	0.044403	1.000000	0.005550
ScriptLog-DPMExtended-clean.log	53	0.044403	fold2	G	binning	P95	413	0.013036	0.041173	0.044403	0.044403	1.000000	0.013446
ScriptLog-DPMExtended-clean.log	53	0.044403	fold2	G	raw	P95	413	0.013036	0.041173	0.044403	0.044403	1.000000	0.013446
ScriptLog-DPMExtended-clean.log	53	0.044403	fold2	G	binning	P99	413	0.021431	0.042955	0.044403	0.044403	1.000000	0.021664
ScriptLog-DPMExtended-clean.log	53	0.044403	fold2	G	raw	P99	413	0.021431	0.042955	0.044403	0.044403	1.000000	0.021664
ScriptLog-DPMExtended-clean.log	53	0.044403	fold2	G	binning	P999	413	0.022793	0.043007	0.044403	0.044403	1.000000	0.022777
ScriptLog-DPMExtended-clean.log	53	0.044403	fold2	G	raw	P999	413	0.022793	0.043007	0.044403	0.044403	1.000000	0.022777
ScriptLog-DPMExtended-clean.log	53	0.044403	fold3	T	binning	P1	413	0.023496	0.048318	0.052019	0.055634	0.854722	-0.016075
ScriptLog-DPMExtended-clean.log	53	0.044403	fold3	T	raw	P1	413	0.023291	0.048598	0.054401	0.180608	0.847458	-0.017562
ScriptLog-DPMExtended-clean.log	53	0.044403	fold3	T	binning	P50	413	0.009857	0.035921	0.044256	0.058749	0.990315	0.005695
ScriptLog-DPMExtended-clean.log	53	0.044403	fold3	T	raw	P50	413	0.008886	0.087089	0.894103	0.991573	0.932203	-0.028492
ScriptLog-DPMExtended-clean.log	53	0.044403	fold3	T	binning	P75	413	0.012296	0.041283	0.052287	0.058649	0.968523	0.011120
ScriptLog-DPMExtended-clean.log	53	0.044403	fold3	T	raw	P75	413	0.014137	0.332339	0.976225	0.993053	0.847458	-0.046960
ScriptLog-DPMExtended-clean.log	53	0.044403	fold3	T	binning	P90	413	0.011002	0.044106	0.053576	0.056300	0.953995	0.010197
ScriptLog-DPMExtended-clean.log	53	0.044403	fold3	T	raw	P90	413	0.011250	0.044106	0.053576	0.056300	0.953995	0.009852
ScriptLog-DPMExtended-clean.log	53	0.044403	fold3	T	binning	P95	413	0.013674	0.043434	0.050594	0.052915	0.953995	0.013316
ScriptLog-DPMExtended-clean.log	53	0.044403	fold3	T	raw	P95	413	0.013760	0.043434	0.050594	0.052915	0.953995	0.012896
ScriptLog-DPMExtended-clean.log	53	0.044403	fold3	T	binning	P99	413	0.016177	0.045570	0.055600	0.064809	0.946731	0.015962
ScriptLog-DPMExtended-clean.log	53	0.044403	fold3	T	raw	P99	413	0.016735	0.051898	0.297418	0.374807	0.920097	0.008182
ScriptLog-DPMExtended-clean.log	53	0.044403	fold3	T	binning	P999	413	0.016932	0.047280	0.055487	0.062921	0.932203	0.018221
ScriptLog-DPMExtended-clean.log	53	0.044403	fold3	T	raw	P999	413	0.016932	0.047280	0.055487	0.062921	0.932203	0.018221
ScriptLog-DPMExtended-clean.log	53	0.044403	fold3	G	binning	P1	413	0.007589	0.038746	0.044403	0.044403	1.000000	-0.003461
ScriptLog-DPMExtended-clean.log	53	0.044403	fold3	G	raw	P1	413	0.007589	0.038746	0.044403	0.196837	0.992736	-0.005129
ScriptLog-DPMExtended-clean.log	53	0.044403	fold3	G	binning	P50	413	0.008762	0.026164	0.035435	0.044403	1.000000	-0.000349
ScriptLog-DPMExtended-clean.log	53	0.044403	fold3	G	raw	P50	413	0.008845	0.116988	0.894099	0.991543	0.934625	-0.034710
ScriptLog-DPMExtended-clean.log	53	0.044403	fold3	G	binning	P75	413	0.006690	0.034078	0.039615	0.043805	1.000000	0.005739
ScriptLog-DPMExtended-clean.log	53	0.044403	fold3	G	raw	P75	413	0.006418	0.338100	0.976311	0.993081	0.861985	-0.052841
ScriptLog-DPMExtended-clean.log	53	0.044403	fold3	G	binning	P90	413	0.010544	0.033291	0.040451	0.043882	1.000000	0.005372
ScriptLog-DPMExtended-clean.log	53	0.044403	fold3	G	raw	P90	413	0.010598	0.033291	0.040451	0.043882	1.000000	0.005025
ScriptLog-DPMExtended-clean.log	53	0.044403	fold3	G	binning	P95	413	0.012110	0.038478	0.043918	0.044403	1.000000	0.011610
ScriptLog-DPMExtended-clean.log	53	0.044403	fold3	G	raw	P95	413	0.011583	0.038478	0.043918	0.044403	1.000000	0.011179
ScriptLog-DPMExtended-clean.log	53	0.044403	fold3	G	binning	P99	413	0.020230	0.042826	0.044403	0.044403	1.000000	0.020878
ScriptLog-DPMExtended-clean.log	53	0.044403	fold3	G	raw	P99	413	0.021733	0.044222	0.268011	0.368739	0.973366	0.013218
ScriptLog-DPMExtended-clean.log	53	0.044403	fold3	G	binning	P999	413	0.022667	0.042815	0.044403	0.044403	1.000000	0.022879
ScriptLog-DPMExtended-clean.log	53	0.044403	fold3	G	raw	P999	413	0.022667	0.042815	0.044403	0.044403	1.000000	0.022879
ScriptLog-DPMExtended-clean.log	53	0.044403	fold4	T	binning	P1	413	0.024199	0.050026	0.053881	0.056533	0.806295	-0.016873
ScriptLog-DPMExtended-clean.log	53	0.044403	fold4	T	raw	P1	413	0.024199	0.050026	0.053881	0.056533	0.806295	-0.016873
ScriptLog-DPMExtended-clean.log	53	0.044403	fold4	T	binning	P50	413	0.009490	0.034960	0.048023	0.060193	0.985472	0.006301
ScriptLog-DPMExtended-clean.log	53	0.044403	fold4	T	raw	P50	413	0.009472	0.037668	0.060193	0.842449	0.978208	0.000821
ScriptLog-DPMExtended-clean.log	53	0.044403	fold4	T	binning	P75	413	0.012205	0.044576	0.054825	0.055519	0.946731	0.012053
ScriptLog-DPMExtended-clean.log	53	0.044403	fold4	T	raw	P75	413	0.012149	0.044742	0.054985	0.302639	0.946731	0.010893
ScriptLog-DPMExtended-clean.log	53	0.044403	fold4	T	binning	P90	413	0.011197	0.041792	0.053777	0.060279	0.961259	0.008990
ScriptLog-DPMExtended-clean.log	53	0.044403	fold4	T	raw	P90	413	0.010890	0.046955	0.296775	0.652383	0.949153	0.002963
ScriptLog-DPMExtended-clean.log	53	0.044403	fold4	T	binning	P95	413	0.012688	0.046592	0.054104	0.061722	0.934625	0.013835
ScriptLog-DPMExtended-clean.log	53	0.044403	fold4	T	raw	P95	413	0.012265	0.048329	0.085879	0.425196	0.924939	0.009352
ScriptLog-DPMExtended-clean.log	53	0.044403	fold4	T	binning	P99	413	0.015108	0.047923	0.056155	0.071478	0.927361	0.014993
ScriptLog-DPMExtended-clean.log	53	0.044403	fold4	T	raw	P99	413	0.015108	0.047923	0.056155	0.071478	0.927361	0.014993
ScriptLog-DPMExtended-clean.log	53	0.044403	fold4	T	binning	P999	413	0.016812	0.047923	0.056155	0.071478	0.927361	0.018328
ScriptLog-DPMExtended-clean.log	53	0.044403	fold4	T	raw	P999	413	0.016812	0.047923	0.056155	0.071478	0.927361	0.018328
ScriptLog-DPMExtended-clean.log	53	0.044403	fold4	G	binning	P1	413	0.008068	0.038746	0.044403	0.044403	1.000000	-0.003832
ScriptLog-DPMExtended-clean.log	53	0.044403	fold4	G	raw	P1	413	0.008068	0.038746	0.044403	0.044403	1.000000	-0.003832
ScriptLog-DPMExtended-clean.log	53	0.044403	fold4	G	binning	P50	413	0.009128	0.023578	0.033517	0.036781	1.000000	-0.000904
ScriptLog-DPMExtended-clean.log	53	0.044403	fold4	G	raw	P50	413	0.009110	0.026313	0.036781	0.844739	0.990315	-0.006295
ScriptLog-DPMExtended-clean.log	53	0.044403	fold4	G	binning	P75	413	0.007252	0.031636	0.042519	0.044403	1.000000	0.004827
ScriptLog-DPMExtended-clean.log	53	0.044403	fold4	G	raw	P75	413	0.007246	0.033039	0.042635	0.338100	0.997579	0.003665
ScriptLog-DPMExtended-clean.log	53	0.044403	fold4	G	binning	P90	413	0.009637	0.033283	0.043278	0.044403	1.000000	0.005563
ScriptLog-DPMExtended-clean.log	53	0.044403	fold4	G	raw	P90	413	0.009735	0.035476	0.293183	0.660544	0.987893	-0.000381
ScriptLog-DPMExtended-clean.log	53	0.044403	fold4	G	binning	P95	413	0.011758	0.038854	0.043441	0.044403	1.000000	0.012830
ScriptLog-DPMExtended-clean.log	53	0.044403	fold4	G	raw	P95	413	0.011293	0.041762	0.106849	0.437283	0.983051	0.008034
ScriptLog-DPMExtended-clean.log	53	0.044403	fold4	G	binning	P99	413	0.019924	0.042635	0.044403	0.044403	1.000000	0.020679
ScriptLog-DPMExtended-clean.log	53	0.044403	fold4	G	raw	P99	413	0.019924	0.042635	0.044403	0.044403	1.000000	0.020679
ScriptLog-DPMExtended-clean.log	53	0.044403	fold4	G	binning	P999	413	0.023098	0.042815	0.044403	0.044403	1.000000	0.023098
ScriptLog-DPMExtended-clean.log	53	0.044403	fold4	G	raw	P999	413	0.023098	0.042815	0.044403	0.044403	1.000000	0.023098
ScriptLog-DPMExtended-clean.log	53	0.044403	fold5	T	binning	P1	413	0.024527	0.052432	0.055634	0.058265	0.765133	-0.018046
ScriptLog-DPMExtended-clean.log	53	0.044403	fold5	T	raw	P1	413	0.024527	0.052432	0.055634	0.058265	0.765133	-0.018046
ScriptLog-DPMExtended-clean.log	53	0.044403	fold5	T	binning	P50	413	0.010522	0.033159	0.044539	0.063597	0.987893	0.007204
ScriptLog-DPMExtended-clean.log	53	0.044403	fold5	T	raw	P50	413	0.009877	0.037872	0.893133	0.981299	0.963680	-0.015225
ScriptLog-DPMExtended-clean.log	53	0.044403	fold5	T	binning	P75	413	0.011563	0.042808	0.054086	0.072552	0.961259	0.009994
ScriptLog-DPMExtended-clean.log	53	0.044403	fold5	T	raw	P75	413	0.011465	0.043120	0.056095	0.302639	0.958838	0.008613
ScriptLog-DPMExtended-clean.log	53	0.044403	fold5	T	binning	P90	413	0.011528	0.043521	0.053837	0.061356	0.953995	0.008606
ScriptLog-DPMExtended-clean.log	53	0.044403	fold5	T	raw	P90	413	0.011729	0.043521	0.053837	0.061356	0.953995	0.008284
ScriptLog-DPMExtended-clean.log	53	0.044403	fold5	T	binning	P95	413	0.011202	0.041790	0.052555	0.073093	0.968523	0.009871
ScriptLog-DPMExtended-clean.log	53	0.044403	fold5	T	raw	P95	413	0.011202	0.041790	0.052555	0.073093	0.968523	0.009871
ScriptLog-DPMExtended-clean.log	53	0.044403	fold5	T	binning	P99	413	0.013765	0.046739	0.054346	0.058458	0.937046	0.014465
ScriptLog-DPMExtended-clean.log	53	0.044403	fold5	T	raw	P99	413	0.013765	0.046739	0.054346	0.058458	0.937046	0.014465
ScriptLog-DPMExtended-clean.log	53	0.044403	fold5	T	binning	P999	413	0.017645	0.048958	0.056155	0.072262	0.929782	0.018661
ScriptLog-DPMExtended-clean.log	53	0.044403	fold5	T	raw	P999	413	0.017645	0.048958	0.056155	0.072262	0.929782	0.018661
ScriptLog-DPMExtended-clean.log	53	0.044403	fold5	G	binning	P1	413	0.008503	0.040221	0.044403	0.044403	1.000000	-0.004621
ScriptLog-DPMExtended-clean.log	53	0.044403	fold5	G	raw	P1	413	0.008503	0.040221	0.044403	0.044403	1.000000	-0.004621
ScriptLog-DPMExtended-clean.log	53	0.044403	fold5	G	binning	P50	413	0.008472	0.022781	0.036145	0.039825	1.000000	0.000134
ScriptLog-DPMExtended-clean.log	53	0.044403	fold5	G	raw	P50	413	0.007401	0.031586	0.895178	0.980405	0.963680	-0.022355
ScriptLog-DPMExtended-clean.log	53	0.044403	fold5	G	binning	P75	413	0.007646	0.030763	0.036770	0.043841	1.000000	0.003340
ScriptLog-DPMExtended-clean.log	53	0.044403	fold5	G	raw	P75	413	0.007455	0.031442	0.039425	0.338100	0.995157	0.001976
ScriptLog-DPMExtended-clean.log	53	0.044403	fold5	G	binning	P90	413	0.008527	0.031963	0.039393	0.042344	1.000000	0.004901
ScriptLog-DPMExtended-clean.log	53	0.044403	fold5	G	raw	P90	413	0.008450	0.031963	0.039393	0.042344	1.000000	0.004527
ScriptLog-DPMExtended-clean.log	53	0.044403	fold5	G	binning	P95	413	0.009947	0.037428	0.044403	0.044403	1.000000	0.009940
ScriptLog-DPMExtended-clean.log	53	0.044403	fold5	G	raw	P95	413	0.009947	0.037428	0.044403	0.044403	1.000000	0.009940
ScriptLog-DPMExtended-clean.log	53	0.044403	fold5	G	binning	P99	413	0.019517	0.042635	0.044403	0.044403	1.000000	0.020271
ScriptLog-DPMExtended-clean.log	53	0.044403	fold5	G	raw	P99	413	0.019517	0.042635	0.044403	0.044403	1.000000	0.020271
ScriptLog-DPMExtended-clean.log	53	0.044403	fold5	G	binning	P999	413	0.023646	0.042815	0.043850	0.044403	1.000000	0.023324
ScriptLog-DPMExtended-clean.log	53	0.044403	fold5	G	raw	P999	413	0.023646	0.042815	0.043850	0.044403	1.000000	0.023324
ScriptLog-DPMExtended-clean.log	53	0.044403	fold6	T	binning	P1	413	0.024689	0.051549	0.055147	0.056844	0.772397	-0.017142
ScriptLog-DPMExtended-clean.log	53	0.044403	fold6	T	raw	P1	413	0.024689	0.051549	0.055147	0.056844	0.772397	-0.017142
ScriptLog-DPMExtended-clean.log	53	0.044403	fold6	T	binning	P50	413	0.009312	0.036781	0.049378	0.060632	0.985472	0.006406
ScriptLog-DPMExtended-clean.log	53	0.044403	fold6	T	raw	P50	413	0.009497	0.037671	0.053417	0.842449	0.980630	0.001924
ScriptLog-DPMExtended-clean.log	53	0.044403	fold6	T	binning	P75	413	0.012045	0.043328	0.050140	0.071525	0.953995	0.010205
ScriptLog-DPMExtended-clean.log	53	0.044403	fold6	T	raw	P75	413	0.012350	0.043328	0.050140	0.071525	0.953995	0.009919
ScriptLog-DPMExtended-clean.log	53	0.044403	fold6	T	binning	P90	413	0.010320	0.036810	0.054912	0.061295	0.968523	0.007552
ScriptLog-DPMExtended-clean.log	53	0.044403	fold6	T	raw	P90	413	0.010320	0.036810	0.054912	0.061295	0.968523	0.007543
ScriptLog-DPMExtended-clean.log	53	0.044403	fold6	T	binning	P95	413	0.010243	0.041790	0.053492	0.062538	0.961259	0.009291
ScriptLog-DPMExtended-clean.log	53	0.044403	fold6	T	raw	P95	413	0.010243	0.041790	0.053492	0.062538	0.961259	0.009291
ScriptLog-DPMExtended-clean.log	53	0.044403	fold6	T	binning	P99	413	0.015236	0.046859	0.056155	0.063604	0.939467	0.013849
ScriptLog-DPMExtended-clean.log	53	0.044403	fold6	T	raw	P99	413	0.015236	0.046859	0.056155	0.063604	0.939467	0.013849
ScriptLog-DPMExtended-clean.log	53	0.044403	fold6	T	binning	P999	413	0.017673	0.046123	0.054346	0.063158	0.941889	0.018347
ScriptLog-DPMExtended-clean.log	53	0.044403	fold6	T	raw	P999	413	0.017673	0.046123	0.054346	0.063158	0.941889	0.018347
ScriptLog-DPMExtended-clean.log	53	0.044403	fold6	G	binning	P1	413	0.008023	0.040390	0.044403	0.044403	1.000000	-0.003906
ScriptLog-DPMExtended-clean.log	53	0.044403	fold6	G	raw	P1	413	0.008023	0.040390	0.044403	0.044403	1.000000	-0.003906
ScriptLog-DPMExtended-clean.log	53	0.044403	fold6	G	binning	P50	413	0.008472	0.020003	0.033607	0.041622	1.000000	-0.000464
ScriptLog-DPMExtended-clean.log	53	0.044403	fold6	G	raw	P50	413	0.008362	0.020671	0.038294	0.844739	0.992736	-0.004973
ScriptLog-DPMExtended-clean.log	53	0.044403	fold6	G	binning	P75	413	0.007252	0.030886	0.035754	0.043087	1.000000	0.002229
ScriptLog-DPMExtended-clean.log	53	0.044403	fold6	G	raw	P75	413	0.007390	0.030886	0.035754	0.043087	1.000000	0.001946
ScriptLog-DPMExtended-clean.log	53	0.044403	fold6	G	binning	P90	413	0.008912	0.032372	0.042344	0.044403	1.000000	0.004618
ScriptLog-DPMExtended-clean.log	53	0.044403	fold6	G	raw	P90	413	0.008912	0.032372	0.042344	0.044403	1.000000	0.004611
ScriptLog-DPMExtended-clean.log	53	0.044403	fold6	G	binning	P95	413	0.009089	0.036719	0.044093	0.044403	1.000000	0.009774
ScriptLog-DPMExtended-clean.log	53	0.044403	fold6	G	raw	P95	413	0.009089	0.036719	0.044093	0.044403	1.000000	0.009774
ScriptLog-DPMExtended-clean.log	53	0.044403	fold6	G	binning	P99	413	0.017409	0.041325	0.044403	0.044403	1.000000	0.018259
ScriptLog-DPMExtended-clean.log	53	0.044403	fold6	G	raw	P99	413	0.017409	0.041325	0.044403	0.044403	1.000000	0.018259
ScriptLog-DPMExtended-clean.log	53	0.044403	fold6	G	binning	P999	413	0.023243	0.042815	0.043850	0.044403	1.000000	0.023339
ScriptLog-DPMExtended-clean.log	53	0.044403	fold6	G	raw	P999	413	0.023243	0.042815	0.043850	0.044403	1.000000	0.023339
ScriptLog-DPMExtended-clean.log	53	0.044403	fold7	T	binning	P1	413	0.024855	0.052494	0.055422	0.058352	0.745763	-0.017208
ScriptLog-DPMExtended-clean.log	53	0.044403	fold7	T	raw	P1	413	0.024855	0.052494	0.055422	0.058352	0.745763	-0.017208
ScriptLog-DPMExtended-clean.log	53	0.044403	fold7	T	binning	P50	413	0.010193	0.035512	0.043170	0.065675	0.990315	0.005375
ScriptLog-DPMExtended-clean.log	53	0.044403	fold7	T	raw	P50	413	0.009744	0.038511	0.568983	0.975205	0.978208	-0.006488
ScriptLog-DPMExtended-clean.log	53	0.044403	fold7	T	binning	P75	413	0.013005	0.043751	0.052681	0.062583	0.956416	0.012620
ScriptLog-DPMExtended-clean.log	53	0.044403	fold7	T	raw	P75	413	0.015252	0.116172	0.904594	0.988066	0.883777	-0.023384
ScriptLog-DPMExtended-clean.log	53	0.044403	fold7	T	binning	P90	413	0.010367	0.038424	0.055930	0.067916	0.968523	0.007695
ScriptLog-DPMExtended-clean.log	53	0.044403	fold7	T	raw	P90	413	0.010730	0.045016	0.394297	0.761193	0.949153	-0.004701
ScriptLog-DPMExtended-clean.log	53	0.044403	fold7	T	binning	P95	413	0.010325	0.039706	0.051898	0.058361	0.966102	0.008722
ScriptLog-DPMExtended-clean.log	53	0.044403	fold7	T	raw	P95	413	0.010991	0.044294	0.058361	0.226455	0.953995	0.005836
ScriptLog-DPMExtended-clean.log	53	0.044403	fold7	T	binning	P99	413	0.014097	0.045935	0.054346	0.063604	0.937046	0.012535
ScriptLog-DPMExtended-clean.log	53	0.044403	fold7	T	raw	P99	413	0.014097	0.045935	0.054346	0.063604	0.937046	0.012535
ScriptLog-DPMExtended-clean.log	53	0.044403	fold7	T	binning	P999	413	0.017711	0.047797	0.055367	0.064135	0.929782	0.018527
ScriptLog-DPMExtended-clean.log	53	0.044403	fold7	T	raw	P999	413	0.017711	0.047797	0.055367	0.064135	0.929782	0.018527
ScriptLog-DPMExtended-clean.log	53	0.044403	fold7	G	binning	P1	413	0.008343	0.040419	0.044403	0.044403	1.000000	-0.003683
ScriptLog-DPMExtended-clean.log	53	0.044403	fold7	G	raw	P1	413	0.008343	0.040419	0.044403	0.044403	1.000000	-0.003683
ScriptLog-DPMExtended-clean.log	53	0.044403	fold7	G	binning	P50	413	0.008533	0.021494	0.034626	0.043315	1.000000	-0.000523
ScriptLog-DPMExtended-clean.log	53	0.044403	fold7	G	raw	P50	413	0.008050	0.025411	0.562577	0.974020	0.983051	-0.012785
ScriptLog-DPMExtended-clean.log	53	0.044403	fold7	G	binning	P75	413	0.008138	0.032071	0.042318	0.044403	1.000000	0.003409
ScriptLog-DPMExtended-clean.log	53	0.044403	fold7	G	raw	P75	413	0.009170	0.111438	0.901235	0.987496	0.907990	-0.032479
ScriptLog-DPMExtended-clean.log	53	0.044403	fold7	G	binning	P90	413	0.008351	0.030341	0.038478	0.044403	1.000000	0.005146
ScriptLog-DPMExtended-clean.log	53	0.044403	fold7	G	raw	P90	413	0.008063	0.037022	0.385646	0.769535	0.963680	-0.006799
ScriptLog-DPMExtended-clean.log	53	0.044403	fold7	G	binning	P95	413	0.008690	0.033672	0.043359	0.044403	1.000000	0.009475
ScriptLog-DPMExtended-clean.log	53	0.044403	fold7	G	raw	P95	413	0.008614	0.035520	0.044403	0.211997	0.990315	0.006611
ScriptLog-DPMExtended-clean.log	53	0.044403	fold7	G	binning	P99	413	0.016528	0.041036	0.043776	0.044403	1.000000	0.017717
ScriptLog-DPMExtended-clean.log	53	0.044403	fold7	G	raw	P99	413	0.016528	0.041036	0.043776	0.044403	1.000000	0.017717
ScriptLog-DPMExtended-clean.log	53	0.044403	fold7	G	binning	P999	413	0.022267	0.042635	0.043679	0.044403	1.000000	0.022779
ScriptLog-DPMExtended-clean.log	53	0.044403	fold7	G	raw	P999	413	0.022267	0.042635	0.043679	0.044403	1.000000	0.022779
ScriptLog-DPMExtended-clean.log	616	0.003745	key	T	binning	P1	95	0.001951	0.003395	0.003716	0.003716	1.000000	0.001007
ScriptLog-DPMExtended-clean.log	616	0.003745	key	T	raw	P1	95	0.001951	0.003395	0.003716	0.003716	1.000000	0.001007
ScriptLog-DPMExtended-clean.log	616	0.003745	key	T	binning	P50	95	0.001651	0.003557	0.003693	0.003693	1.000000	-0.000449
ScriptLog-DPMExtended-clean.log	616	0.003745	key	T	raw	P50	95	0.001651	0.003557	0.003693	0.003693	1.000000	-0.000508
ScriptLog-DPMExtended-clean.log	616	0.003745	key	T	binning	P75	95	0.001559	0.003440	0.003585	0.003585	1.000000	-0.000797
ScriptLog-DPMExtended-clean.log	616	0.003745	key	T	raw	P75	95	0.001572	0.003440	0.003585	0.003585	1.000000	-0.000856
ScriptLog-DPMExtended-clean.log	616	0.003745	key	T	binning	P90	95	0.001059	0.002555	0.003338	0.003338	1.000000	-0.000381
ScriptLog-DPMExtended-clean.log	616	0.003745	key	T	raw	P90	95	0.001059	0.002555	0.003338	0.003338	1.000000	-0.000381
ScriptLog-DPMExtended-clean.log	616	0.003745	key	T	binning	P95	95	0.000949	0.002604	0.003457	0.003457	1.000000	-0.000062
ScriptLog-DPMExtended-clean.log	616	0.003745	key	T	raw	P95	95	0.000949	0.002604	0.003457	0.003457	1.000000	-0.000062
ScriptLog-DPMExtended-clean.log	616	0.003745	key	T	binning	P99	95	0.001135	0.002692	0.003253	0.003253	1.000000	0.000913
ScriptLog-DPMExtended-clean.log	616	0.003745	key	T	raw	P99	95	0.001135	0.002692	0.003253	0.003253	1.000000	0.000913
ScriptLog-DPMExtended-clean.log	616	0.003745	key	T	binning	P999	95	0.001886	0.003626	0.003699	0.003699	1.000000	0.001955
ScriptLog-DPMExtended-clean.log	616	0.003745	key	T	raw	P999	95	0.001886	0.003626	0.003699	0.003699	1.000000	0.001955
ScriptLog-DPMExtended-clean.log	616	0.003745	key	G	binning	P1	95	0.002620	0.003745	0.003745	0.003745	1.000000	0.001831
ScriptLog-DPMExtended-clean.log	616	0.003745	key	G	raw	P1	95	0.002620	0.003745	0.003745	0.003745	1.000000	0.001831
ScriptLog-DPMExtended-clean.log	616	0.003745	key	G	binning	P50	95	0.001847	0.003262	0.003345	0.003345	1.000000	-0.001122
ScriptLog-DPMExtended-clean.log	616	0.003745	key	G	raw	P50	95	0.001801	0.003262	0.003345	0.003345	1.000000	-0.001181
ScriptLog-DPMExtended-clean.log	616	0.003745	key	G	binning	P75	95	0.001353	0.003075	0.003192	0.003192	1.000000	-0.001195
ScriptLog-DPMExtended-clean.log	616	0.003745	key	G	raw	P75	95	0.001262	0.003075	0.003192	0.003192	1.000000	-0.001274
ScriptLog-DPMExtended-clean.log	616	0.003745	key	G	binning	P90	95	0.000705	0.002826	0.003502	0.003502	1.000000	-0.000543
ScriptLog-DPMExtended-clean.log	616	0.003745	key	G	raw	P90	95	0.000705	0.002826	0.003502	0.003502	1.000000	-0.000543
ScriptLog-DPMExtended-clean.log	616	0.003745	key	G	binning	P95	95	0.000229	0.002777	0.003110	0.003110	1.000000	-0.000264
ScriptLog-DPMExtended-clean.log	616	0.003745	key	G	raw	P95	95	0.000229	0.002777	0.003110	0.003110	1.000000	-0.000264
ScriptLog-DPMExtended-clean.log	616	0.003745	key	G	binning	P99	95	0.000490	0.002466	0.003078	0.003078	1.000000	0.000790
ScriptLog-DPMExtended-clean.log	616	0.003745	key	G	raw	P99	95	0.000490	0.002466	0.003078	0.003078	1.000000	0.000790
ScriptLog-DPMExtended-clean.log	616	0.003745	key	G	binning	P999	95	0.002128	0.003515	0.003603	0.003603	1.000000	0.001872
ScriptLog-DPMExtended-clean.log	616	0.003745	key	G	raw	P999	95	0.002128	0.003515	0.003603	0.003603	1.000000	0.001872
ScriptLog-DPMExtended-clean.log	616	0.003745	small	T	binning	P1	3310	0.001907	0.003392	0.003659	0.003744	1.000000	0.000068
ScriptLog-DPMExtended-clean.log	616	0.003745	small	T	raw	P1	3310	0.001907	0.003392	0.003659	0.003744	1.000000	0.000068
ScriptLog-DPMExtended-clean.log	616	0.003745	small	T	binning	P50	3310	0.001531	0.003340	0.003679	0.004177	0.999396	0.000511
ScriptLog-DPMExtended-clean.log	616	0.003745	small	T	raw	P50	3310	0.001635	0.010417	0.280112	0.859515	0.929607	-0.008603
ScriptLog-DPMExtended-clean.log	616	0.003745	small	T	binning	P75	3310	0.001176	0.003352	0.003673	0.004133	0.999094	0.000946
ScriptLog-DPMExtended-clean.log	616	0.003745	small	T	raw	P75	3310	0.001361	0.025857	0.335538	0.727175	0.917221	-0.008119
ScriptLog-DPMExtended-clean.log	616	0.003745	small	T	binning	P90	3310	0.001036	0.003370	0.003677	0.004177	0.999094	0.000897
ScriptLog-DPMExtended-clean.log	616	0.003745	small	T	raw	P90	3310	0.001036	0.003383	0.003698	0.350489	0.997583	0.000688
ScriptLog-DPMExtended-clean.log	616	0.003745	small	T	binning	P95	3310	0.001036	0.003450	0.003707	0.004177	0.999396	0.001227
ScriptLog-DPMExtended-clean.log	616	0.003745	small	T	raw	P95	3310	0.001036	0.003450	0.003707	0.004177	0.999396	0.001227
ScriptLog-DPMExtended-clean.log	616	0.003745	small	T	binning	P99	3310	0.001293	0.003428	0.003690	0.003745	1.000000	0.001451
ScriptLog-DPMExtended-clean.log	616	0.003745	small	T	raw	P99	3310	0.001293	0.003428	0.003690	0.003745	1.000000	0.001451
ScriptLog-DPMExtended-clean.log	616	0.003745	small	T	binning	P999	3310	0.001339	0.003458	0.003699	0.003745	1.000000	0.001481
ScriptLog-DPMExtended-clean.log	616	0.003745	small	T	raw	P999	3310	0.001339	0.003458	0.003699	0.003745	1.000000	0.001481
ScriptLog-DPMExtended-clean.log	616	0.003745	small	G	binning	P1	3310	0.000901	0.003492	0.003744	0.003745	1.000000	0.000738
ScriptLog-DPMExtended-clean.log	616	0.003745	small	G	raw	P1	3310	0.000901	0.003492	0.003744	0.003745	1.000000	0.000738
ScriptLog-DPMExtended-clean.log	616	0.003745	small	G	binning	P50	3310	0.000980	0.003448	0.003689	0.003745	1.000000	0.000862
ScriptLog-DPMExtended-clean.log	616	0.003745	small	G	raw	P50	3310	0.001010	0.009989	0.278170	0.859641	0.927492	-0.008254
ScriptLog-DPMExtended-clean.log	616	0.003745	small	G	binning	P75	3310	0.001336	0.003528	0.003690	0.003745	1.000000	0.001431
ScriptLog-DPMExtended-clean.log	616	0.003745	small	G	raw	P75	3310	0.001373	0.025531	0.334820	0.727419	0.919033	-0.007659
ScriptLog-DPMExtended-clean.log	616	0.003745	small	G	binning	P90	3310	0.001570	0.003540	0.003736	0.003745	1.000000	0.001598
ScriptLog-DPMExtended-clean.log	616	0.003745	small	G	raw	P90	3310	0.001570	0.003540	0.003736	0.349533	0.998489	0.001388
ScriptLog-DPMExtended-clean.log	616	0.003745	small	G	binning	P95	3310	0.001858	0.003627	0.003745	0.003745	1.000000	0.001826
ScriptLog-DPMExtended-clean.log	616	0.003745	small	G	raw	P95	3310	0.001858	0.003627	0.003745	0.003745	1.000000	0.001826
ScriptLog-DPMExtended-clean.log	616	0.003745	small	G	binning	P99	3310	0.001975	0.003687	0.003745	0.003745	1.000000	0.001919
ScriptLog-DPMExtended-clean.log	616	0.003745	small	G	raw	P99	3310	0.001975	0.003687	0.003745	0.003745	1.000000	0.001919
ScriptLog-DPMExtended-clean.log	616	0.003745	small	G	binning	P999	3310	0.002023	0.003687	0.003745	0.003745	1.000000	0.001950
ScriptLog-DPMExtended-clean.log	616	0.003745	small	G	raw	P999	3310	0.002023	0.003687	0.003745	0.003745	1.000000	0.001950
ScriptLog-DPMExtended-clean.log	616	0.003745	pair	T	binning	P1	1655	0.001967	0.003618	0.004584	0.005430	0.956495	-0.000170
ScriptLog-DPMExtended-clean.log	616	0.003745	pair	T	raw	P1	1655	0.001967	0.003618	0.004584	0.005430	0.956495	-0.000170
ScriptLog-DPMExtended-clean.log	616	0.003745	pair	T	binning	P50	1655	0.001340	0.003542	0.004434	0.005445	0.963142	0.000490
ScriptLog-DPMExtended-clean.log	616	0.003745	pair	T	raw	P50	1655	0.002084	0.978670	0.995920	0.998350	0.659215	-0.095779
ScriptLog-DPMExtended-clean.log	616	0.003745	pair	T	binning	P75	1655	0.001245	0.003724	0.004767	0.005914	0.952266	0.001026
ScriptLog-DPMExtended-clean.log	616	0.003745	pair	T	raw	P75	1655	0.001391	0.009420	0.133694	0.685967	0.893656	-0.004307
ScriptLog-DPMExtended-clean.log	616	0.003745	pair	T	binning	P90	1655	0.001222	0.003537	0.004680	0.005540	0.966163	0.000747
ScriptLog-DPMExtended-clean.log	616	0.003745	pair	T	raw	P90	1655	0.001219	0.003538	0.004692	0.090478	0.965559	0.000689
ScriptLog-DPMExtended-clean.log	616	0.003745	pair	T	binning	P95	1655	0.001148	0.003653	0.004493	0.005570	0.954079	0.000971
ScriptLog-DPMExtended-clean.log	616	0.003745	pair	T	raw	P95	1655	0.001148	0.003655	0.004555	0.140367	0.953474	0.000885
ScriptLog-DPMExtended-clean.log	616	0.003745	pair	T	binning	P99	1655	0.001474	0.003780	0.004703	0.005570	0.945015	0.001321
ScriptLog-DPMExtended-clean.log	616	0.003745	pair	T	raw	P99	1655	0.001474	0.003780	0.004703	0.005570	0.945015	0.001321
ScriptLog-DPMExtended-clean.log	616	0.003745	pair	T	binning	P999	1655	0.001464	0.003797	0.004704	0.005570	0.943807	0.001321
ScriptLog-DPMExtended-clean.log	616	0.003745	pair	T	raw	P999	1655	0.001464	0.003797	0.004704	0.005570	0.943807	0.001321
ScriptLog-DPMExtended-clean.log	616	0.003745	pair	G	binning	P1	1655	0.001042	0.003368	0.003745	0.003745	1.000000	0.000397
ScriptLog-DPMExtended-clean.log	616	0.003745	pair	G	raw	P1	1655	0.001042	0.003368	0.003745	0.003745	1.000000	0.000397
ScriptLog-DPMExtended-clean.log	616	0.003745	pair	G	binning	P50	1655	0.000960	0.003432	0.003698	0.003745	1.000000	0.000798
ScriptLog-DPMExtended-clean.log	616	0.003745	pair	G	raw	P50	1655	0.001324	0.978644	0.995930	0.998349	0.659215	-0.095532
ScriptLog-DPMExtended-clean.log	616	0.003745	pair	G	binning	P75	1655	0.001219	0.003419	0.003689	0.003745	1.000000	0.001287
ScriptLog-DPMExtended-clean.log	616	0.003745	pair	G	raw	P75	1655	0.001274	0.008552	0.134287	0.686468	0.937160	-0.004060
ScriptLog-DPMExtended-clean.log	616	0.003745	pair	G	binning	P90	1655	0.001448	0.003519	0.003718	0.003745	1.000000	0.001424
ScriptLog-DPMExtended-clean.log	616	0.003745	pair	G	raw	P90	1655	0.001448	0.003524	0.003721	0.090242	0.999396	0.001367
ScriptLog-DPMExtended-clean.log	616	0.003745	pair	G	binning	P95	1655	0.001725	0.003548	0.003736	0.003745	1.000000	0.001664
ScriptLog-DPMExtended-clean.log	616	0.003745	pair	G	raw	P95	1655	0.001725	0.003548	0.003736	0.140151	0.999396	0.001578
ScriptLog-DPMExtended-clean.log	616	0.003745	pair	G	binning	P99	1655	0.001879	0.003654	0.003745	0.003745	1.000000	0.001907
ScriptLog-DPMExtended-clean.log	616	0.003745	pair	G	raw	P99	1655	0.001879	0.003654	0.003745	0.003745	1.000000	0.001907
ScriptLog-DPMExtended-clean.log	616	0.003745	pair	G	binning	P999	1655	0.001879	0.003642	0.003745	0.003745	1.000000	0.001895
ScriptLog-DPMExtended-clean.log	616	0.003745	pair	G	raw	P999	1655	0.001879	0.003642	0.003745	0.003745	1.000000	0.001895
ScriptLog-DPMExtended-clean.log	616	0.003745	fold1	T	binning	P1	413	0.001967	0.003701	0.004260	0.004798	0.951574	-0.000188
ScriptLog-DPMExtended-clean.log	616	0.003745	fold1	T	raw	P1	413	0.001967	0.003701	0.004260	0.004798	0.951574	-0.000188
ScriptLog-DPMExtended-clean.log	616	0.003745	fold1	T	binning	P50	413	0.001384	0.003398	0.004155	0.005445	0.968523	0.000460
ScriptLog-DPMExtended-clean.log	616	0.003745	fold1	T	raw	P50	413	0.001985	0.967178	0.995428	0.996510	0.661017	-0.089635
ScriptLog-DPMExtended-clean.log	616	0.003745	fold1	T	binning	P75	413	0.001344	0.003452	0.004223	0.004874	0.973366	0.001022
ScriptLog-DPMExtended-clean.log	616	0.003745	fold1	T	raw	P75	413	0.001554	0.004874	0.052292	0.353376	0.922518	-0.001812
ScriptLog-DPMExtended-clean.log	616	0.003745	fold1	T	binning	P90	413	0.001242	0.003586	0.004878	0.005383	0.966102	0.000734
ScriptLog-DPMExtended-clean.log	616	0.003745	fold1	T	raw	P90	413	0.001242	0.003586	0.004878	0.005383	0.966102	0.000734
ScriptLog-DPMExtended-clean.log	616	0.003745	fold1	T	binning	P95	413	0.001068	0.003797	0.004471	0.005570	0.949153	0.000970
ScriptLog-DPMExtended-clean.log	616	0.003745	fold1	T	raw	P95	413	0.001068	0.003797	0.004471	0.005570	0.949153	0.000970
ScriptLog-DPMExtended-clean.log	616	0.003745	fold1	T	binning	P99	413	0.001420	0.003952	0.004703	0.005570	0.932203	0.001328
ScriptLog-DPMExtended-clean.log	616	0.003745	fold1	T	raw	P99	413	0.001420	0.003952	0.004703	0.005570	0.932203	0.001328
ScriptLog-DPMExtended-clean.log	616	0.003745	fold1	T	binning	P999	413	0.001399	0.003952	0.004703	0.005570	0.932203	0.001306
ScriptLog-DPMExtended-clean.log	616	0.003745	fold1	T	raw	P999	413	0.001399	0.003952	0.004703	0.005570	0.932203	0.001306
ScriptLog-DPMExtended-clean.log	616	0.003745	fold1	G	binning	P1	413	0.001055	0.003381	0.003745	0.003745	1.000000	0.000405
ScriptLog-DPMExtended-clean.log	616	0.003745	fold1	G	raw	P1	413	0.001055	0.003381	0.003745	0.003745	1.000000	0.000405
ScriptLog-DPMExtended-clean.log	616	0.003745	fold1	G	binning	P50	413	0.000921	0.003368	0.003699	0.003745	1.000000	0.000840
ScriptLog-DPMExtended-clean.log	616	0.003745	fold1	G	raw	P50	413	0.001228	0.967128	0.995423	0.996506	0.658596	-0.089314
ScriptLog-DPMExtended-clean.log	616	0.003745	fold1	G	binning	P75	413	0.001176	0.003417	0.003745	0.003745	1.000000	0.001228
ScriptLog-DPMExtended-clean.log	616	0.003745	fold1	G	raw	P75	413	0.001191	0.003745	0.050478	0.353200	0.951574	-0.001606
ScriptLog-DPMExtended-clean.log	616	0.003745	fold1	G	binning	P90	413	0.001339	0.003490	0.003736	0.003745	1.000000	0.001327
ScriptLog-DPMExtended-clean.log	616	0.003745	fold1	G	raw	P90	413	0.001339	0.003490	0.003736	0.003745	1.000000	0.001327
ScriptLog-DPMExtended-clean.log	616	0.003745	fold1	G	binning	P95	413	0.001783	0.003590	0.003736	0.003745	1.000000	0.001688
ScriptLog-DPMExtended-clean.log	616	0.003745	fold1	G	raw	P95	413	0.001783	0.003590	0.003736	0.003745	1.000000	0.001688
ScriptLog-DPMExtended-clean.log	616	0.003745	fold1	G	binning	P99	413	0.001982	0.003642	0.003745	0.003745	1.000000	0.001930
ScriptLog-DPMExtended-clean.log	616	0.003745	fold1	G	raw	P99	413	0.001982	0.003642	0.003745	0.003745	1.000000	0.001930
ScriptLog-DPMExtended-clean.log	616	0.003745	fold1	G	binning	P999	413	0.001975	0.003629	0.003745	0.003745	1.000000	0.001899
ScriptLog-DPMExtended-clean.log	616	0.003745	fold1	G	raw	P999	413	0.001975	0.003629	0.003745	0.003745	1.000000	0.001899
ScriptLog-DPMExtended-clean.log	616	0.003745	fold2	T	binning	P1	413	0.001996	0.003832	0.004695	0.004983	0.941889	-0.000320
ScriptLog-DPMExtended-clean.log	616	0.003745	fold2	T	raw	P1	413	0.001996	0.003832	0.004695	0.004983	0.941889	-0.000320
ScriptLog-DPMExtended-clean.log	616	0.003745	fold2	T	binning	P50	413	0.001333	0.003476	0.004204	0.005298	0.963680	0.000426
ScriptLog-DPMExtended-clean.log	616	0.003745	fold2	T	raw	P50	413	0.001359	0.003897	0.017651	0.847354	0.937046	-0.006781
ScriptLog-DPMExtended-clean.log	616	0.003745	fold2	T	binning	P75	413	0.001187	0.003625	0.004726	0.005269	0.956416	0.000750
ScriptLog-DPMExtended-clean.log	616	0.003745	fold2	T	raw	P75	413	0.001284	0.004688	0.015434	0.354049	0.920097	-0.001508
ScriptLog-DPMExtended-clean.log	616	0.003745	fold2	T	binning	P90	413	0.001233	0.003933	0.004903	0.006008	0.944310	0.000702
ScriptLog-DPMExtended-clean.log	616	0.003745	fold2	T	raw	P90	413	0.001233	0.003933	0.004903	0.006008	0.944310	0.000702
ScriptLog-DPMExtended-clean.log	616	0.003745	fold2	T	binning	P95	413	0.001225	0.003657	0.004577	0.005422	0.958838	0.001054
ScriptLog-DPMExtended-clean.log	616	0.003745	fold2	T	raw	P95	413	0.001225	0.003657	0.004577	0.005422	0.958838	0.001054
ScriptLog-DPMExtended-clean.log	616	0.003745	fold2	T	binning	P99	413	0.001402	0.004089	0.004979	0.005740	0.922518	0.001376
ScriptLog-DPMExtended-clean.log	616	0.003745	fold2	T	raw	P99	413	0.001402	0.004089	0.004979	0.005740	0.922518	0.001376
ScriptLog-DPMExtended-clean.log	616	0.003745	fold2	T	binning	P999	413	0.001402	0.004004	0.004979	0.005740	0.924939	0.001360
ScriptLog-DPMExtended-clean.log	616	0.003745	fold2	T	raw	P999	413	0.001402	0.004004	0.004979	0.005740	0.924939	0.001360
ScriptLog-DPMExtended-clean.log	616	0.003745	fold2	G	binning	P1	413	0.001119	0.003368	0.003745	0.003745	1.000000	0.000266
ScriptLog-DPMExtended-clean.log	616	0.003745	fold2	G	raw	P1	413	0.001119	0.003368	0.003745	0.003745	1.000000	0.000266
ScriptLog-DPMExtended-clean.log	616	0.003745	fold2	G	binning	P50	413	0.000929	0.003186	0.003687	0.003745	1.000000	0.000702
ScriptLog-DPMExtended-clean.log	616	0.003745	fold2	G	raw	P50	413	0.000950	0.003490	0.019658	0.846877	0.973366	-0.006489
ScriptLog-DPMExtended-clean.log	616	0.003745	fold2	G	binning	P75	413	0.001195	0.003302	0.003689	0.003745	1.000000	0.001084
ScriptLog-DPMExtended-clean.log	616	0.003745	fold2	G	raw	P75	413	0.001241	0.003660	0.017456	0.353200	0.963680	-0.001165
ScriptLog-DPMExtended-clean.log	616	0.003745	fold2	G	binning	P90	413	0.001294	0.003495	0.003708	0.003745	1.000000	0.001261
ScriptLog-DPMExtended-clean.log	616	0.003745	fold2	G	raw	P90	413	0.001294	0.003495	0.003708	0.003745	1.000000	0.001261
ScriptLog-DPMExtended-clean.log	616	0.003745	fold2	G	binning	P95	413	0.001570	0.003493	0.003745	0.003745	1.000000	0.001570
ScriptLog-DPMExtended-clean.log	616	0.003745	fold2	G	raw	P95	413	0.001570	0.003493	0.003745	0.003745	1.000000	0.001570
ScriptLog-DPMExtended-clean.log	616	0.003745	fold2	G	binning	P99	413	0.001863	0.003624	0.003745	0.003745	1.000000	0.001895
ScriptLog-DPMExtended-clean.log	616	0.003745	fold2	G	raw	P99	413	0.001863	0.003624	0.003745	0.003745	1.000000	0.001895
ScriptLog-DPMExtended-clean.log	616	0.003745	fold2	G	binning	P999	413	0.001887	0.003616	0.003745	0.003745	1.000000	0.001911
ScriptLog-DPMExtended-clean.log	616	0.003745	fold2	G	raw	P999	413	0.001887	0.003616	0.003745	0.003745	1.000000	0.001911
ScriptLog-DPMExtended-clean.log	616	0.003745	fold3	T	binning	P1	413	0.001883	0.003842	0.004660	0.006382	0.941889	-0.000423
ScriptLog-DPMExtended-clean.log	616	0.003745	fold3	T	raw	P1	413	0.001883	0.003929	0.005239	0.199733	0.934625	-0.001816
ScriptLog-DPMExtended-clean.log	616	0.003745	fold3	T	binning	P50	413	0.001214	0.003414	0.004761	0.005528	0.966102	0.000306
ScriptLog-DPMExtended-clean.log	616	0.003745	fold3	T	raw	P50	413	0.001610	0.121384	0.896940	0.991675	0.803874	-0.034099
ScriptLog-DPMExtended-clean.log	616	0.003745	fold3	T	binning	P75	413	0.001165	0.003680	0.004696	0.005382	0.951574	0.000812
ScriptLog-DPMExtended-clean.log	616	0.003745	fold3	T	raw	P75	413	0.002470	0.345898	0.976758	0.993185	0.598063	-0.056232
ScriptLog-DPMExtended-clean.log	616	0.003745	fold3	T	binning	P90	413	0.001200	0.003626	0.004845	0.006288	0.956416	0.000758
ScriptLog-DPMExtended-clean.log	616	0.003745	fold3	T	raw	P90	413	0.001329	0.004000	0.008669	0.029372	0.939467	0.000470
ScriptLog-DPMExtended-clean.log	616	0.003745	fold3	T	binning	P95	413	0.001370	0.004043	0.005180	0.005525	0.941889	0.001124
ScriptLog-DPMExtended-clean.log	616	0.003745	fold3	T	raw	P95	413	0.001439	0.004414	0.017304	0.026940	0.922518	0.000738
ScriptLog-DPMExtended-clean.log	616	0.003745	fold3	T	binning	P99	413	0.001552	0.004173	0.004850	0.006770	0.912833	0.001480
ScriptLog-DPMExtended-clean.log	616	0.003745	fold3	T	raw	P99	413	0.001635	0.004651	0.295921	0.384042	0.886199	-0.005984
ScriptLog-DPMExtended-clean.log	616	0.003745	fold3	T	binning	P999	413	0.001482	0.003987	0.004839	0.005740	0.927361	0.001368
ScriptLog-DPMExtended-clean.log	616	0.003745	fold3	T	raw	P999	413	0.001482	0.003987	0.004839	0.005740	0.927361	0.001368
ScriptLog-DPMExtended-clean.log	616	0.003745	fold3	G	binning	P1	413	0.001026	0.003283	0.003745	0.003745	1.000000	0.000215
ScriptLog-DPMExtended-clean.log	616	0.003745	fold3	G	raw	P1	413	0.001034	0.003381	0.003745	0.199608	0.992736	-0.001176
ScriptLog-DPMExtended-clean.log	616	0.003745	fold3	G	binning	P50	413	0.000831	0.003142	0.003615	0.003745	1.000000	0.000516
ScriptLog-DPMExtended-clean.log	616	0.003745	fold3	G	raw	P50	413	0.000943	0.123627	0.896929	0.991692	0.791768	-0.033874
ScriptLog-DPMExtended-clean.log	616	0.003745	fold3	G	binning	P75	413	0.001203	0.003461	0.003660	0.003699	1.000000	0.001130
ScriptLog-DPMExtended-clean.log	616	0.003745	fold3	G	raw	P75	413	0.001774	0.344834	0.976728	0.993203	0.622276	-0.056019
ScriptLog-DPMExtended-clean.log	616	0.003745	fold3	G	binning	P90	413	0.001482	0.003392	0.003704	0.003736	1.000000	0.001309
ScriptLog-DPMExtended-clean.log	616	0.003745	fold3	G	raw	P90	413	0.001482	0.003435	0.007132	0.027236	0.985472	0.001034
ScriptLog-DPMExtended-clean.log	616	0.003745	fold3	G	binning	P95	413	0.001511	0.003540	0.003736	0.003745	1.000000	0.001488
ScriptLog-DPMExtended-clean.log	616	0.003745	fold3	G	raw	P95	413	0.001545	0.003627	0.016300	0.024860	0.980630	0.001140
ScriptLog-DPMExtended-clean.log	616	0.003745	fold3	G	binning	P99	413	0.001833	0.003544	0.003745	0.003745	1.000000	0.001809
ScriptLog-DPMExtended-clean.log	616	0.003745	fold3	G	raw	P99	413	0.001879	0.003670	0.295215	0.383088	0.973366	-0.005656
ScriptLog-DPMExtended-clean.log	616	0.003745	fold3	G	binning	P999	413	0.001798	0.003603	0.003745	0.003745	1.000000	0.001859
ScriptLog-DPMExtended-clean.log	616	0.003745	fold3	G	raw	P999	413	0.001798	0.003603	0.003745	0.003745	1.000000	0.001859
ScriptLog-DPMExtended-clean.log	616	0.003745	fold4	T	binning	P1	413	0.001941	0.003661	0.004660	0.006382	0.961259	-0.000504
ScriptLog-DPMExtended-clean.log	616	0.003745	fold4	T	raw	P1	413	0.001941	0.003661	0.004660	0.006382	0.961259	-0.000504
ScriptLog-DPMExtended-clean.log	616	0.003745	fold4	T	binning	P50	413	0.001154	0.003400	0.004269	0.005067	0.973366	0.000118
ScriptLog-DPMExtended-clean.log	616	0.003745	fold4	T	raw	P50	413	0.001214	0.003959	0.012663	0.845042	0.946731	-0.005235
ScriptLog-DPMExtended-clean.log	616	0.003745	fold4	T	binning	P75	413	0.001335	0.003689	0.004832	0.005410	0.953995	0.000895
ScriptLog-DPMExtended-clean.log	616	0.003745	fold4	T	raw	P75	413	0.001426	0.004231	0.009126	0.341941	0.937046	-0.000312
ScriptLog-DPMExtended-clean.log	616	0.003745	fold4	T	binning	P90	413	0.001313	0.003508	0.004658	0.005156	0.961259	0.000785
ScriptLog-DPMExtended-clean.log	616	0.003745	fold4	T	raw	P90	413	0.001330	0.004521	0.300157	0.665721	0.922518	-0.005087
ScriptLog-DPMExtended-clean.log	616	0.003745	fold4	T	binning	P95	413	0.001425	0.003678	0.004989	0.005525	0.956416	0.001139
ScriptLog-DPMExtended-clean.log	616	0.003745	fold4	T	raw	P95	413	0.001450	0.005350	0.109690	0.451420	0.910412	-0.003378
ScriptLog-DPMExtended-clean.log	616	0.003745	fold4	T	binning	P99	413	0.001674	0.004046	0.004839	0.006647	0.927361	0.001472
ScriptLog-DPMExtended-clean.log	616	0.003745	fold4	T	raw	P99	413	0.001674	0.004046	0.004839	0.006647	0.927361	0.001472
ScriptLog-DPMExtended-clean.log	616	0.003745	fold4	T	binning	P999	413	0.001477	0.003780	0.004850	0.006647	0.946731	0.001312
ScriptLog-DPMExtended-clean.log	616	0.003745	fold4	T	raw	P999	413	0.001477	0.003780	0.004850	0.006647	0.946731	0.001312
ScriptLog-DPMExtended-clean.log	616	0.003745	fold4	G	binning	P1	413	0.001067	0.003283	0.003745	0.003745	1.000000	0.000216
ScriptLog-DPMExtended-clean.log	616	0.003745	fold4	G	raw	P1	413	0.001067	0.003283	0.003745	0.003745	1.000000	0.000216
ScriptLog-DPMExtended-clean.log	616	0.003745	fold4	G	binning	P50	413	0.000825	0.003251	0.003685	0.003737	1.000000	0.000449
ScriptLog-DPMExtended-clean.log	616	0.003745	fold4	G	raw	P50	413	0.000855	0.003536	0.012639	0.844947	0.970944	-0.004938
ScriptLog-DPMExtended-clean.log	616	0.003745	fold4	G	binning	P75	413	0.001247	0.003397	0.003660	0.003745	1.000000	0.001039
ScriptLog-DPMExtended-clean.log	616	0.003745	fold4	G	raw	P75	413	0.001251	0.003545	0.008625	0.341870	0.973366	-0.000128
ScriptLog-DPMExtended-clean.log	616	0.003745	fold4	G	binning	P90	413	0.001266	0.003545	0.003736	0.003745	1.000000	0.001285
ScriptLog-DPMExtended-clean.log	616	0.003745	fold4	G	raw	P90	413	0.001339	0.003721	0.299239	0.664944	0.963680	-0.004611
ScriptLog-DPMExtended-clean.log	616	0.003745	fold4	G	binning	P95	413	0.001738	0.003595	0.003736	0.003745	1.000000	0.001725
ScriptLog-DPMExtended-clean.log	616	0.003745	fold4	G	raw	P95	413	0.001833	0.005459	0.111623	0.448986	0.949153	-0.002838
ScriptLog-DPMExtended-clean.log	616	0.003745	fold4	G	binning	P99	413	0.001794	0.003522	0.003745	0.003745	1.000000	0.001784
ScriptLog-DPMExtended-clean.log	616	0.003745	fold4	G	raw	P99	413	0.001794	0.003522	0.003745	0.003745	1.000000	0.001784
ScriptLog-DPMExtended-clean.log	616	0.003745	fold4	G	binning	P999	413	0.001794	0.003590	0.003745	0.003745	1.000000	0.001851
ScriptLog-DPMExtended-clean.log	616	0.003745	fold4	G	raw	P999	413	0.001794	0.003590	0.003745	0.003745	1.000000	0.001851
ScriptLog-DPMExtended-clean.log	616	0.003745	fold5	T	binning	P1	413	0.002142	0.003741	0.004852	0.005809	0.951574	-0.000590
ScriptLog-DPMExtended-clean.log	616	0.003745	fold5	T	raw	P1	413	0.002142	0.003741	0.004852	0.005809	0.951574	-0.000590
ScriptLog-DPMExtended-clean.log	616	0.003745	fold5	T	binning	P50	413	0.001162	0.003583	0.004811	0.005484	0.958838	0.000259
ScriptLog-DPMExtended-clean.log	616	0.003745	fold5	T	raw	P50	413	0.001418	0.022982	0.896387	0.981274	0.837772	-0.021911
ScriptLog-DPMExtended-clean.log	616	0.003745	fold5	T	binning	P75	413	0.001249	0.003505	0.004491	0.005015	0.968523	0.000718
ScriptLog-DPMExtended-clean.log	616	0.003745	fold5	T	raw	P75	413	0.001284	0.003634	0.008176	0.341941	0.956416	-0.000692
ScriptLog-DPMExtended-clean.log	616	0.003745	fold5	T	binning	P90	413	0.001236	0.003665	0.005358	0.006288	0.953995	0.000762
ScriptLog-DPMExtended-clean.log	616	0.003745	fold5	T	raw	P90	413	0.001304	0.004237	0.007840	0.023839	0.934625	0.000455
ScriptLog-DPMExtended-clean.log	616	0.003745	fold5	T	binning	P95	413	0.001288	0.003792	0.005010	0.006104	0.944310	0.001061
ScriptLog-DPMExtended-clean.log	616	0.003745	fold5	T	raw	P95	413	0.001288	0.003792	0.005010	0.006104	0.944310	0.001061
ScriptLog-DPMExtended-clean.log	616	0.003745	fold5	T	binning	P99	413	0.001569	0.004006	0.004839	0.005559	0.937046	0.001425
ScriptLog-DPMExtended-clean.log	616	0.003745	fold5	T	raw	P99	413	0.001569	0.004006	0.004839	0.005559	0.937046	0.001425
ScriptLog-DPMExtended-clean.log	616	0.003745	fold5	T	binning	P999	413	0.001511	0.004004	0.004896	0.006139	0.927361	0.001357
ScriptLog-DPMExtended-clean.log	616	0.003745	fold5	T	raw	P999	413	0.001511	0.004004	0.004896	0.006139	0.927361	0.001357
ScriptLog-DPMExtended-clean.log	616	0.003745	fold5	G	binning	P1	413	0.001105	0.003276	0.003745	0.003745	1.000000	0.000127
ScriptLog-DPMExtended-clean.log	616	0.003745	fold5	G	raw	P1	413	0.001105	0.003276	0.003745	0.003745	1.000000	0.000127
ScriptLog-DPMExtended-clean.log	616	0.003745	fold5	G	binning	P50	413	0.000832	0.003009	0.003562	0.003709	1.000000	0.000390
ScriptLog-DPMExtended-clean.log	616	0.003745	fold5	G	raw	P50	413	0.000871	0.021109	0.895959	0.981168	0.859564	-0.021818
ScriptLog-DPMExtended-clean.log	616	0.003745	fold5	G	binning	P75	413	0.001245	0.003374	0.003643	0.003745	1.000000	0.000934
ScriptLog-DPMExtended-clean.log	616	0.003745	fold5	G	raw	P75	413	0.001234	0.003484	0.010991	0.341870	0.983051	-0.000482
ScriptLog-DPMExtended-clean.log	616	0.003745	fold5	G	binning	P90	413	0.001278	0.003508	0.003690	0.003736	1.000000	0.001213
ScriptLog-DPMExtended-clean.log	616	0.003745	fold5	G	raw	P90	413	0.001360	0.003547	0.008802	0.019905	0.983051	0.000937
ScriptLog-DPMExtended-clean.log	616	0.003745	fold5	G	binning	P95	413	0.001649	0.003540	0.003745	0.003745	1.000000	0.001631
ScriptLog-DPMExtended-clean.log	616	0.003745	fold5	G	raw	P95	413	0.001649	0.003540	0.003745	0.003745	1.000000	0.001631
ScriptLog-DPMExtended-clean.log	616	0.003745	fold5	G	binning	P99	413	0.001783	0.003545	0.003745	0.003745	1.000000	0.001788
ScriptLog-DPMExtended-clean.log	616	0.003745	fold5	G	raw	P99	413	0.001783	0.003545	0.003745	0.003745	1.000000	0.001788
ScriptLog-DPMExtended-clean.log	616	0.003745	fold5	G	binning	P999	413	0.001781	0.003545	0.003689	0.003745	1.000000	0.001808
ScriptLog-DPMExtended-clean.log	616	0.003745	fold5	G	raw	P999	413	0.001781	0.003545	0.003689	0.003745	1.000000	0.001808
ScriptLog-DPMExtended-clean.log	616	0.003745	fold6	T	binning	P1	413	0.002193	0.003754	0.004767	0.006000	0.949153	-0.000540
ScriptLog-DPMExtended-clean.log	616	0.003745	fold6	T	raw	P1	413	0.002193	0.003754	0.004767	0.006000	0.949153	-0.000540
ScriptLog-DPMExtended-clean.log	616	0.003745	fold6	T	binning	P50	413	0.001143	0.003393	0.004630	0.006152	0.975787	0.000206
ScriptLog-DPMExtended-clean.log	616	0.003745	fold6	T	raw	P50	413	0.001168	0.003465	0.005061	0.845042	0.966102	-0.004230
ScriptLog-DPMExtended-clean.log	616	0.003745	fold6	T	binning	P75	413	0.001280	0.003739	0.004535	0.005392	0.953995	0.000680
ScriptLog-DPMExtended-clean.log	616	0.003745	fold6	T	raw	P75	413	0.001315	0.003885	0.005392	0.026812	0.946731	0.000430
ScriptLog-DPMExtended-clean.log	616	0.003745	fold6	T	binning	P90	413	0.001118	0.003724	0.004557	0.006268	0.951574	0.000667
ScriptLog-DPMExtended-clean.log	616	0.003745	fold6	T	raw	P90	413	0.001122	0.003724	0.004557	0.006268	0.951574	0.000662
ScriptLog-DPMExtended-clean.log	616	0.003745	fold6	T	binning	P95	413	0.001332	0.003792	0.005089	0.006000	0.941889	0.000972
ScriptLog-DPMExtended-clean.log	616	0.003745	fold6	T	raw	P95	413	0.001332	0.003792	0.005089	0.006000	0.941889	0.000972
ScriptLog-DPMExtended-clean.log	616	0.003745	fold6	T	binning	P99	413	0.001422	0.003738	0.004575	0.006261	0.953995	0.001236
ScriptLog-DPMExtended-clean.log	616	0.003745	fold6	T	raw	P99	413	0.001422	0.003738	0.004575	0.006261	0.953995	0.001236
ScriptLog-DPMExtended-clean.log	616	0.003745	fold6	T	binning	P999	413	0.001494	0.003767	0.004575	0.006331	0.946731	0.001290
ScriptLog-DPMExtended-clean.log	616	0.003745	fold6	T	raw	P999	413	0.001494	0.003767	0.004575	0.006331	0.946731	0.001290
ScriptLog-DPMExtended-clean.log	616	0.003745	fold6	G	binning	P1	413	0.001055	0.003381	0.003745	0.003745	1.000000	0.000206
ScriptLog-DPMExtended-clean.log	616	0.003745	fold6	G	raw	P1	413	0.001055	0.003381	0.003745	0.003745	1.000000	0.000206
ScriptLog-DPMExtended-clean.log	616	0.003745	fold6	G	binning	P50	413	0.000778	0.003077	0.003432	0.003591	1.000000	0.000177
ScriptLog-DPMExtended-clean.log	616	0.003745	fold6	G	raw	P50	413	0.000771	0.003185	0.003591	0.844947	0.990315	-0.004241
ScriptLog-DPMExtended-clean.log	616	0.003745	fold6	G	binning	P75	413	0.001151	0.003009	0.003490	0.003660	1.000000	0.000726
ScriptLog-DPMExtended-clean.log	616	0.003745	fold6	G	raw	P75	413	0.001151	0.003137	0.005475	0.026897	0.987893	0.000499
ScriptLog-DPMExtended-clean.log	616	0.003745	fold6	G	binning	P90	413	0.001322	0.003385	0.003686	0.003745	1.000000	0.001235
ScriptLog-DPMExtended-clean.log	616	0.003745	fold6	G	raw	P90	413	0.001340	0.003385	0.003686	0.003745	1.000000	0.001226
ScriptLog-DPMExtended-clean.log	616	0.003745	fold6	G	binning	P95	413	0.001624	0.003540	0.003745	0.003745	1.000000	0.001558
ScriptLog-DPMExtended-clean.log	616	0.003745	fold6	G	raw	P95	413	0.001624	0.003540	0.003745	0.003745	1.000000	0.001558
ScriptLog-DPMExtended-clean.log	616	0.003745	fold6	G	binning	P99	413	0.001690	0.003615	0.003745	0.003745	1.000000	0.001737
ScriptLog-DPMExtended-clean.log	616	0.003745	fold6	G	raw	P99	413	0.001690	0.003615	0.003745	0.003745	1.000000	0.001737
ScriptLog-DPMExtended-clean.log	616	0.003745	fold6	G	binning	P999	413	0.001879	0.003540	0.003689	0.003745	1.000000	0.001841
ScriptLog-DPMExtended-clean.log	616	0.003745	fold6	G	raw	P999	413	0.001879	0.003540	0.003689	0.003745	1.000000	0.001841
ScriptLog-DPMExtended-clean.log	616	0.003745	fold7	T	binning	P1	413	0.002263	0.003498	0.004652	0.005563	0.963680	-0.000637
ScriptLog-DPMExtended-clean.log	616	0.003745	fold7	T	raw	P1	413	0.002263	0.003498	0.004652	0.005563	0.963680	-0.000637
ScriptLog-DPMExtended-clean.log	616	0.003745	fold7	T	binning	P50	413	0.001134	0.003436	0.004797	0.005189	0.978208	0.000186
ScriptLog-DPMExtended-clean.log	616	0.003745	fold7	T	raw	P50	413	0.001146	0.008487	0.570456	0.975171	0.917676	-0.011621
ScriptLog-DPMExtended-clean.log	616	0.003745	fold7	T	binning	P75	413	0.001323	0.003615	0.004491	0.006865	0.958838	0.000678
ScriptLog-DPMExtended-clean.log	616	0.003745	fold7	T	raw	P75	413	0.001984	0.118537	0.903472	0.987991	0.719128	-0.034351
ScriptLog-DPMExtended-clean.log	616	0.003745	fold7	T	binning	P90	413	0.001207	0.003726	0.004984	0.006288	0.953995	0.000711
ScriptLog-DPMExtended-clean.log	616	0.003745	fold7	T	raw	P90	413	0.001256	0.018487	0.410798	0.776070	0.886199	-0.011055
ScriptLog-DPMExtended-clean.log	616	0.003745	fold7	T	binning	P95	413	0.001256	0.003773	0.004991	0.005492	0.946731	0.001095
ScriptLog-DPMExtended-clean.log	616	0.003745	fold7	T	raw	P95	413	0.001305	0.005089	0.047343	0.239564	0.903148	-0.001597
ScriptLog-DPMExtended-clean.log	616	0.003745	fold7	T	binning	P99	413	0.001384	0.003860	0.004529	0.006204	0.944310	0.001299
ScriptLog-DPMExtended-clean.log	616	0.003745	fold7	T	raw	P99	413	0.001384	0.003860	0.004529	0.006204	0.944310	0.001299
ScriptLog-DPMExtended-clean.log	616	0.003745	fold7	T	binning	P999	413	0.001479	0.003860	0.004703	0.005298	0.944310	0.001298
ScriptLog-DPMExtended-clean.log	616	0.003745	fold7	T	raw	P999	413	0.001479	0.003860	0.004703	0.005298	0.944310	0.001298
ScriptLog-DPMExtended-clean.log	616	0.003745	fold7	G	binning	P1	413	0.001089	0.003375	0.003745	0.003745	1.000000	0.000190
ScriptLog-DPMExtended-clean.log	616	0.003745	fold7	G	raw	P1	413	0.001089	0.003375	0.003745	0.003745	1.000000	0.000190
ScriptLog-DPMExtended-clean.log	616	0.003745	fold7	G	binning	P50	413	0.000778	0.003047	0.003548	0.003745	1.000000	0.000108
ScriptLog-DPMExtended-clean.log	616	0.003745	fold7	G	raw	P50	413	0.000756	0.007643	0.570222	0.975031	0.927361	-0.011740
ScriptLog-DPMExtended-clean.log	616	0.003745	fold7	G	binning	P75	413	0.001134	0.003282	0.003689	0.003745	1.000000	0.000752
ScriptLog-DPMExtended-clean.log	616	0.003745	fold7	G	raw	P75	413	0.001386	0.119233	0.903296	0.987971	0.733656	-0.034355
ScriptLog-DPMExtended-clean.log	616	0.003745	fold7	G	binning	P90	413	0.001254	0.003540	0.003694	0.003745	1.000000	0.001290
ScriptLog-DPMExtended-clean.log	616	0.003745	fold7	G	raw	P90	413	0.001365	0.016111	0.409562	0.775677	0.934625	-0.010459
ScriptLog-DPMExtended-clean.log	616	0.003745	fold7	G	binning	P95	413	0.001579	0.003540	0.003690	0.003745	1.000000	0.001555
ScriptLog-DPMExtended-clean.log	616	0.003745	fold7	G	raw	P95	413	0.001598	0.003745	0.049491	0.236744	0.953995	-0.001162
ScriptLog-DPMExtended-clean.log	616	0.003745	fold7	G	binning	P99	413	0.001692	0.003610	0.003705	0.003745	1.000000	0.001739
ScriptLog-DPMExtended-clean.log	616	0.003745	fold7	G	raw	P99	413	0.001692	0.003610	0.003705	0.003745	1.000000	0.001739
ScriptLog-DPMExtended-clean.log	616	0.003745	fold7	G	binning	P999	413	0.001845	0.003544	0.003689	0.003745	1.000000	0.001837
ScriptLog-DPMExtended-clean.log	616	0.003745	fold7	G	raw	P999	413	0.001845	0.003544	0.003689	0.003745	1.000000	0.001837
