key_ordinal	n	quantile	oracle	T_int	T_int_err	T_ceil	T_ceil_err	G_int	G_int_err	G_ceil	G_ceil_err
1	623	P1	2	1.984779	-0.007611	1.984779	-0.007611	1.938302	-0.030849	1.938302	-0.030849
1	623	P50	4	4.004921	0.001230	4.004921	0.001230	3.911139	-0.022215	3.911139	-0.022215
1	623	P75	5	4.916681	-0.016664	4.916681	-0.016664	5.014749	0.002950	5.014749	0.002950
1	623	P90	5	5.043221	0.008644	5.043221	0.008644	5.143813	0.028763	5.143813	0.028763
1	623	P95	5	5.086120	0.017224	5.086120	0.017224	5.187568	0.037514	5.187568	0.037514
1	623	P99	66	66.314960	0.004772	66.314960	0.004772	67.637676	0.024813	67.637676	0.024813
1	623	P999	166	172.466938	0.038957	172.466938	0.038957	168.428311	0.014628	168.428311	0.014628
2	623	P1	1	1.019946	0.019946	1.019946	0.019946	1.044403	0.044403	1.044403	0.044403
2	623	P50	3	2.954454	-0.015182	2.954454	-0.015182	3.025297	0.008432	3.025297	0.008432
2	623	P75	4	3.930468	-0.017383	3.930468	-0.017383	3.853604	-0.036599	3.853604	-0.036599
2	623	P90	4	4.032931	0.008233	4.032931	0.008233	3.954063	-0.011484	3.954063	-0.011484
2	623	P95	4	4.067676	0.016919	4.067676	0.016919	3.988128	-0.002968	3.988128	-0.002968
2	623	P99	4	4.095913	0.023978	4.095913	0.023978	4.015814	0.003953	4.015814	0.003953
2	623	P999	122	126.740900	0.038860	126.740900	0.038860	124.262367	0.018544	124.262367	0.018544
3	623	P1	1	1.003959	0.003959	1.003959	0.003959	1.028033	0.028033	1.028033	0.028033
3	623	P50	3	2.949234	-0.016922	2.949234	-0.016922	3.019952	0.006651	3.019952	0.006651
3	623	P75	4	3.924095	-0.018976	3.924095	-0.018976	3.847356	-0.038161	3.847356	-0.038161
3	623	P90	4	4.033447	0.008362	4.033447	0.008362	3.954570	-0.011358	3.954570	-0.011358
3	623	P95	4	4.070571	0.017643	4.070571	0.017643	3.990967	-0.002258	3.990967	-0.002258
3	623	P99	5	5.016503	0.003301	5.016503	0.003301	5.136790	0.027358	5.136790	0.027358
3	623	P999	75	75.249166	0.003322	75.249166	0.003322	77.053515	0.027380	77.053515	0.027380
4	623	P1	1	0.999675	-0.000325	0.999675	-0.000325	1.025667	0.025667	1.025667	0.025667
4	623	P50	3	2.962263	-0.012579	2.962263	-0.012579	3.039283	0.013094	3.039283	0.013094
4	623	P75	4	3.956356	-0.010911	3.956356	-0.010911	3.886646	-0.028338	3.886646	-0.028338
4	623	P90	4	4.037919	0.009480	4.037919	0.009480	3.966772	-0.008307	3.966772	-0.008307
4	623	P95	4	4.065478	0.016370	4.065478	0.016370	3.993846	-0.001539	3.993846	-0.001539
4	623	P99	4	4.087841	0.021960	4.087841	0.021960	4.015814	0.003953	4.015814	0.003953
4	623	P999	79	81.918265	0.036940	81.918265	0.036940	80.474887	0.018669	80.474887	0.018669
5	623	P1	1	1.034802	0.034802	1.034802	0.034802	1.044403	0.044403	1.044403	0.044403
5	623	P50	3	2.997062	-0.000979	2.997062	-0.000979	3.024868	0.008289	3.024868	0.008289
5	623	P75	4	3.997192	-0.000702	3.997192	-0.000702	3.862762	-0.034310	3.862762	-0.034310
5	623	P90	4	4.098773	0.024693	4.098773	0.024693	3.960927	-0.009768	3.960927	-0.009768
5	623	P95	4	4.133204	0.033301	4.133204	0.033301	3.994199	-0.001450	3.994199	-0.001450
5	623	P99	67	67.015901	0.000237	67.015901	0.000237	67.637676	0.009518	67.637676	0.009518
5	623	P999	162	166.879993	0.030123	166.879993	0.030123	168.428311	0.039681	168.428311	0.039681
6	623	P1	1	1.010146	0.010146	1.010146	0.010146	1.034368	0.034368	1.034368	0.034368
6	623	P50	2	2.038947	0.019474	2.038947	0.019474	1.999074	-0.000463	1.999074	-0.000463
6	623	P75	3	2.956932	-0.014356	2.956932	-0.014356	3.027834	0.009278	3.027834	0.009278
6	623	P90	3	3.000537	0.000179	3.000537	0.000179	3.072485	0.024162	3.072485	0.024162
6	623	P95	3	3.015214	0.005071	3.015214	0.005071	3.087514	0.029171	3.087514	0.029171
6	623	P99	4	4.081111	0.020278	4.081111	0.020278	4.001301	0.000325	4.001301	0.000325
6	623	P999	176	179.415593	0.019407	179.415593	0.019407	183.717676	0.043850	183.717676	0.043850
7	623	P1	1	1.029197	0.029197	1.029197	0.029197	1.038746	0.038746	1.038746	0.038746
7	623	P50	3	2.943876	-0.018708	2.943876	-0.018708	2.971189	-0.009604	2.971189	-0.009604
7	623	P75	3	3.026449	0.008816	3.026449	0.008816	3.054528	0.018176	3.054528	0.018176
7	623	P90	4	4.027206	0.006802	4.027206	0.006802	3.891766	-0.027058	3.891766	-0.027058
7	623	P95	4	4.103246	0.025811	4.103246	0.025811	3.965249	-0.008688	3.965249	-0.008688
7	623	P99	5	5.119137	0.023827	5.119137	0.023827	5.166632	0.033326	5.166632	0.033326
7	623	P999	145	146.487477	0.010258	146.487477	0.010258	147.846593	0.019632	147.846593	0.019632
8	623	P1	1	1.014422	0.014422	1.014422	0.014422	1.038746	0.038746	1.038746	0.038746
8	623	P50	3	2.895614	-0.034795	2.895614	-0.034795	2.965046	-0.011651	2.965046	-0.011651
8	623	P75	3	2.965797	-0.011401	2.965797	-0.011401	3.036912	0.012304	3.036912	0.012304
8	623	P90	3	3.008443	0.002814	3.008443	0.002814	3.080581	0.026860	3.080581	0.026860
8	623	P95	4	3.933152	-0.016712	3.933152	-0.016712	3.856235	-0.035941	3.856235	-0.035941
8	623	P99	4	4.078157	0.019539	4.078157	0.019539	3.998405	-0.000399	3.998405	-0.000399
8	623	P999	145	150.795536	0.039969	150.795536	0.039969	147.846593	0.019632	147.846593	0.019632
9	623	P1	1	1.017936	0.017936	1.017936	0.017936	1.044403	0.044403	1.044403	0.044403
9	623	P50	3	2.922704	-0.025765	2.922704	-0.025765	2.998696	-0.000435	2.998696	-0.000435
9	623	P75	3	2.987306	-0.004231	2.987306	-0.004231	3.064977	0.021659	3.064977	0.021659
9	623	P90	4	3.965602	-0.008599	3.965602	-0.008599	3.895729	-0.026068	3.895729	-0.026068
9	623	P95	4	4.030475	0.007619	4.030475	0.007619	3.959459	-0.010135	3.959459	-0.010135
9	623	P99	4	4.083563	0.020891	4.083563	0.020891	4.011612	0.002903	4.011612	0.002903
9	623	P999	74	75.100858	0.014876	75.100858	0.014876	77.053515	0.041264	77.053515	0.041264
10	623	P1	2	1.986158	-0.006921	1.986158	-0.006921	1.919361	-0.040320	1.919361	-0.040320
10	623	P50	3	3.007059	0.002353	3.007059	0.002353	3.034959	0.011653	3.034959	0.011653
10	623	P75	4	3.999906	-0.000023	3.999906	-0.000023	3.865384	-0.033654	3.865384	-0.033654
10	623	P90	4	4.099061	0.024765	4.099061	0.024765	3.961205	-0.009699	3.961205	-0.009699
10	623	P95	4	4.132657	0.033164	4.132657	0.033164	3.993670	-0.001582	3.993670	-0.001582
10	623	P99	66	67.015901	0.015392	67.015901	0.015392	67.637676	0.024813	67.637676	0.024813
10	623	P999	165	166.879993	0.011394	166.879993	0.011394	168.428311	0.020778	168.428311	0.020778
11	623	P1	3	2.912187	-0.029271	2.912187	-0.029271	2.987906	-0.004031	2.987906	-0.004031
11	623	P50	5	4.935587	-0.012883	4.935587	-0.012883	5.063915	0.012783	5.063915	0.012783
11	623	P75	6	5.798688	-0.033552	5.798688	-0.033552	5.949457	-0.008424	5.949457	-0.008424
11	623	P90	6	5.959172	-0.006805	5.959172	-0.006805	6.114114	0.019019	6.114114	0.019019
11	623	P95	6	6.013648	0.002275	6.013648	0.002275	6.170006	0.028334	6.170006	0.028334
11	623	P99	7	7.190796	0.027257	7.190796	0.027257	7.064096	0.009157	7.064096	0.009157
11	623	P999	76	78.435527	0.032046	78.435527	0.032046	77.053515	0.013862	77.053515	0.013862
12	623	P1	3	2.947623	-0.017459	2.947623	-0.017459	2.980847	-0.006384	2.980847	-0.006384
12	623	P50	5	5.092074	0.018415	5.092074	0.018415	5.149468	0.029894	5.149468	0.029894
12	623	P75	7	7.024887	0.003555	7.024887	0.003555	6.802038	-0.028280	6.802038	-0.028280
12	623	P90	7	7.211633	0.030233	7.211633	0.030233	6.982860	-0.002449	6.982860	-0.002449
12	623	P95	7	7.274979	0.039283	7.274979	0.039283	7.044196	0.006314	7.044196	0.006314
12	623	P99	79	79.577952	0.007316	79.577952	0.007316	78.745622	-0.003220	78.745622	-0.003220
12	623	P999	174	181.670046	0.044081	181.670046	0.044081	175.906958	0.010960	175.906958	0.010960
13	623	P1	3	2.908675	-0.030442	2.908675	-0.030442	2.984302	-0.005233	2.984302	-0.005233
13	623	P50	5	4.950059	-0.009988	4.950059	-0.009988	5.078763	0.015753	5.078763	0.015753
13	623	P75	6	5.817442	-0.030426	5.817442	-0.030426	5.968699	-0.005217	5.968699	-0.005217
13	623	P90	6	5.978446	-0.003592	5.978446	-0.003592	6.133888	0.022315	6.133888	0.022315
13	623	P95	6	6.033098	0.005516	6.033098	0.005516	6.189961	0.031660	6.189961	0.031660
13	623	P99	8	8.191827	0.023978	8.191827	0.023978	8.047489	0.005936	8.047489	0.005936
13	623	P999	78	78.435527	0.005584	78.435527	0.005584	80.474887	0.031729	80.474887	0.031729
14	623	P1	1	1.029197	0.029197	1.029197	0.029197	1.038746	0.038746	1.038746	0.038746
14	623	P50	3	2.945458	-0.018181	2.945458	-0.018181	2.972786	-0.009071	2.972786	-0.009071
14	623	P75	3	3.010775	0.003592	3.010775	0.003592	3.038709	0.012903	3.038709	0.012903
14	623	P90	3	3.050402	0.016801	3.050402	0.016801	3.078703	0.026234	3.078703	0.026234
14	623	P95	3	3.063726	0.021242	3.063726	0.021242	3.092151	0.030717	3.092151	0.030717
14	623	P99	5	5.163811	0.032762	5.163811	0.032762	5.211721	0.042344	5.211721	0.042344
14	623	P999	176	182.028807	0.034255	182.028807	0.034255	183.717676	0.043850	183.717676	0.043850
15	623	P1	2	1.954171	-0.022915	1.954171	-0.022915	1.919739	-0.040131	1.919739	-0.040131
15	623	P50	3	2.948434	-0.017189	2.948434	-0.017189	3.025095	0.008365	3.025095	0.008365
15	623	P75	4	3.920721	-0.019820	3.920721	-0.019820	3.851639	-0.037090	3.851639	-0.037090
15	623	P90	4	4.025638	0.006409	4.025638	0.006409	3.954707	-0.011323	3.954707	-0.011323
15	623	P95	4	4.061230	0.015308	4.061230	0.015308	3.989672	-0.002582	3.989672	-0.002582
15	623	P99	5	5.079648	0.015930	5.079648	0.015930	5.211721	0.042344	5.211721	0.042344
15	623	P999	121	121.113364	0.000937	121.113364	0.000937	124.262367	0.026962	124.262367	0.026962
16	623	P1	1	1.034802	0.034802	1.034802	0.034802	1.044403	0.044403	1.044403	0.044403
16	623	P50	3	2.942011	-0.019330	2.942011	-0.019330	2.969308	-0.010231	2.969308	-0.010231
16	623	P75	3	3.015149	0.005050	3.015149	0.005050	3.043124	0.014375	3.043124	0.014375
16	623	P90	3	3.059613	0.019871	3.059613	0.019871	3.088000	0.029333	3.088000	0.029333
16	623	P95	4	4.050247	0.012562	4.050247	0.012562	3.914032	-0.021492	3.914032	-0.021492
16	623	P99	4	4.151470	0.037867	4.151470	0.037867	4.011851	0.002963	4.011851	0.002963
16	623	P999	146	146.487477	0.003339	146.487477	0.003339	147.846593	0.012648	147.846593	0.012648
17	623	P1	1	1.024859	0.024859	1.024859	0.024859	1.034368	0.034368	1.034368	0.034368
17	623	P50	3	2.985602	-0.004799	2.985602	-0.004799	3.013302	0.004434	3.013302	0.004434
17	623	P75	3	3.054281	0.018094	3.054281	0.018094	3.082619	0.027540	3.082619	0.027540
17	623	P90	4	4.074972	0.018743	4.074972	0.018743	3.937926	-0.015518	3.937926	-0.015518
17	623	P95	4	4.120206	0.030052	4.120206	0.030052	3.981639	-0.004590	3.981639	-0.004590
17	623	P99	5	5.163811	0.032762	5.163811	0.032762	5.211721	0.042344	5.211721	0.042344
17	623	P999	122	123.120055	0.009181	123.120055	0.009181	124.262367	0.018544	124.262367	0.018544
18	623	P1	1	1.029197	0.029197	1.029197	0.029197	1.038746	0.038746	1.038746	0.038746
18	623	P50	3	2.941496	-0.019501	2.941496	-0.019501	2.968787	-0.010404	2.968787	-0.010404
18	623	P75	3	3.020099	0.006700	3.020099	0.006700	3.048120	0.016040	3.048120	0.016040
18	623	P90	4	3.990634	-0.002341	3.990634	-0.002341	3.856425	-0.035894	3.856425	-0.035894
18	623	P95	4	4.082776	0.020694	4.082776	0.020694	3.945468	-0.013633	3.945468	-0.013633
18	623	P99	5	5.016395	0.003279	5.016395	0.003279	5.062937	0.012587	5.062937	0.012587
18	623	P999	73	73.099382	0.001361	73.099382	0.001361	73.777601	0.010652	73.777601	0.010652
19	623	P1	2	1.985989	-0.007005	1.985989	-0.007005	1.919198	-0.040401	1.919198	-0.040401
19	623	P50	3	2.987435	-0.004188	2.987435	-0.004188	3.015152	0.005051	3.015152	0.005051
19	623	P75	3	3.056863	0.018954	3.056863	0.018954	3.085225	0.028408	3.085225	0.028408
19	623	P90	4	4.078715	0.019679	4.078715	0.019679	3.941543	-0.014614	3.941543	-0.014614
19	623	P95	4	4.121857	0.030464	4.121857	0.030464	3.983234	-0.004191	3.983234	-0.004191
19	623	P99	5	5.163811	0.032762	5.163811	0.032762	5.211721	0.042344	5.211721	0.042344
19	623	P999	121	123.120055	0.017521	123.120055	0.017521	124.262367	0.026962	124.262367	0.026962
20	623	P1	2	1.957509	-0.021245	1.957509	-0.021245	1.919229	-0.040386	1.919229	-0.040386
20	623	P50	3	2.951342	-0.016219	2.951342	-0.016219	3.022110	0.007370	3.022110	0.007370
20	623	P75	3	3.021867	0.007289	3.021867	0.007289	3.094326	0.031442	3.094326	0.031442
20	623	P90	4	4.030315	0.007579	4.030315	0.007579	3.951499	-0.012125	3.951499	-0.012125
20	623	P95	4	4.067158	0.016790	4.067158	0.016790	3.987621	-0.003095	3.987621	-0.003095
20	623	P99	5	5.089679	0.017936	5.089679	0.017936	5.211721	0.042344	5.211721	0.042344
20	623	P999	122	126.740900	0.038860	126.740900	0.038860	124.262367	0.018544	124.262367	0.018544
21	623	P1	1	1.014422	0.014422	1.014422	0.014422	1.038746	0.038746	1.038746	0.038746
21	623	P50	2	2.022553	0.011276	2.022553	0.011276	1.983000	-0.008500	1.983000	-0.008500
21	623	P75	3	2.932279	-0.022574	2.932279	-0.022574	3.002590	0.000863	3.002590	0.000863
21	623	P90	3	2.994639	-0.001787	2.994639	-0.001787	3.066445	0.022148	3.066445	0.022148
21	623	P95	3	3.015719	0.005240	3.015719	0.005240	3.088031	0.029344	3.088031	0.029344
21	623	P99	4	4.085459	0.021365	4.085459	0.021365	4.005564	0.001391	4.005564	0.001391
21	623	P999	74	75.249166	0.016881	75.249166	0.016881	77.053515	0.041264	77.053515	0.041264
22	623	P1	2	1.954227	-0.022886	1.954227	-0.022886	1.919794	-0.040103	1.919794	-0.040103
22	623	P50	3	2.968285	-0.010572	2.968285	-0.010572	3.045462	0.015154	3.045462	0.015154
22	623	P75	4	3.969312	-0.007672	3.969312	-0.007672	3.899374	-0.025157	3.899374	-0.025157
22	623	P90	4	4.042883	0.010721	4.042883	0.010721	3.971649	-0.007088	3.971649	-0.007088
22	623	P95	4	4.067709	0.016927	4.067709	0.016927	3.996037	-0.000991	3.996037	-0.000991
22	623	P99	4	4.087841	0.021960	4.087841	0.021960	4.015814	0.003953	4.015814	0.003953
22	623	P999	81	81.918265	0.011337	81.918265	0.011337	84.048178	0.037632	84.048178	0.037632
23	623	P1	2	1.957460	-0.021270	1.957460	-0.021270	1.919180	-0.040410	1.919180	-0.040410
23	623	P50	3	2.944767	-0.018411	2.944767	-0.018411	3.015377	0.005126	3.015377	0.005126
23	623	P75	3	3.018514	0.006171	3.018514	0.006171	3.090893	0.030298	3.090893	0.030298
23	623	P90	4	4.026335	0.006584	4.026335	0.006584	3.947596	-0.013101	3.947596	-0.013101
23	623	P95	4	4.064704	0.016176	4.064704	0.016176	3.985215	-0.003696	3.985215	-0.003696
23	623	P99	4	4.095913	0.023978	4.095913	0.023978	4.015814	0.003953	4.015814	0.003953
23	623	P999	75	75.249166	0.003322	75.249166	0.003322	77.053515	0.027380	77.053515	0.027380
24	623	P1	1	1.019946	0.019946	1.019946	0.019946	1.044403	0.044403	1.044403	0.044403
24	623	P50	2	2.039238	0.019619	2.039238	0.019619	1.999358	-0.000321	1.999358	-0.000321
24	623	P75	3	2.958109	-0.013964	2.958109	-0.013964	3.029039	0.009680	3.029039	0.009680
24	623	P90	3	3.002214	0.000738	3.002214	0.000738	3.074202	0.024734	3.074202	0.024734
24	623	P95	3	3.017061	0.005687	3.017061	0.005687	3.089405	0.029802	3.089405	0.029802
24	623	P99	4	4.095913	0.023978	4.095913	0.023978	4.015814	0.003953	4.015814	0.003953
24	623	P999	175	179.415593	0.025232	179.415593	0.025232	175.906958	0.005183	175.906958	0.005183
25	623	P1	1	1.017936	0.017936	1.017936	0.017936	1.044403	0.044403	1.044403	0.044403
25	623	P50	3	2.977893	-0.007369	2.977893	-0.007369	3.055319	0.018440	3.055319	0.018440
25	623	P75	4	3.975358	-0.006161	3.975358	-0.006161	3.905313	-0.023672	3.905313	-0.023672
25	623	P90	4	4.045197	0.011299	4.045197	0.011299	3.973921	-0.006520	3.973921	-0.006520
25	623	P95	4	4.068748	0.017187	4.068748	0.017187	3.997058	-0.000736	3.997058	-0.000736
25	623	P99	4	4.087841	0.021960	4.087841	0.021960	4.015814	0.003953	4.015814	0.003953
25	623	P999	79	81.918265	0.036940	81.918265	0.036940	80.474887	0.018669	80.474887	0.018669
26	623	P1	1	1.024859	0.024859	1.024859	0.024859	1.034368	0.034368	1.034368	0.034368
26	623	P50	3	2.959949	-0.013350	2.959949	-0.013350	2.987411	-0.004196	2.987411	-0.004196
26	623	P75	3	3.027808	0.009269	3.027808	0.009269	3.055900	0.018633	3.055900	0.018633
26	623	P90	4	3.997850	-0.000538	3.997850	-0.000538	3.863397	-0.034151	3.863397	-0.034151
26	623	P95	4	4.082870	0.020718	4.082870	0.020718	3.945559	-0.013610	3.945559	-0.013610
26	623	P99	4	4.152751	0.038188	4.152751	0.038188	4.013089	0.003272	4.013089	0.003272
26	623	P999	147	152.991895	0.040761	152.991895	0.040761	147.846593	0.005759	147.846593	0.005759
27	623	P1	1	1.012423	0.012423	1.012423	0.012423	1.038746	0.038746	1.038746	0.038746
27	623	P50	3	2.972055	-0.009315	2.972055	-0.009315	3.049330	0.016443	3.049330	0.016443
27	623	P75	4	3.967698	-0.008076	3.967698	-0.008076	3.897788	-0.025553	3.897788	-0.025553
27	623	P90	4	4.042265	0.010566	4.042265	0.010566	3.971042	-0.007240	3.971042	-0.007240
27	623	P95	4	4.067431	0.016858	4.067431	0.016858	3.995764	-0.001059	3.995764	-0.001059
27	623	P99	4	4.087841	0.021960	4.087841	0.021960	4.015814	0.003953	4.015814	0.003953
27	623	P999	79	81.918265	0.036940	81.918265	0.036940	80.474887	0.018669	80.474887	0.018669
28	623	P1	1	1.010146	0.010146	1.010146	0.010146	1.034368	0.034368	1.034368	0.034368
28	623	P50	3	2.914505	-0.028498	2.914505	-0.028498	2.984390	-0.005203	2.984390	-0.005203
28	623	P75	3	2.996255	-0.001248	2.996255	-0.001248	3.068100	0.022700	3.068100	0.022700
28	623	P90	4	3.997670	-0.000583	3.997670	-0.000583	3.919492	-0.020127	3.919492	-0.020127
28	623	P95	4	4.050804	0.012701	4.050804	0.012701	3.971587	-0.007103	3.971587	-0.007103
28	623	P99	4	4.094169	0.023542	4.094169	0.023542	4.014104	0.003526	4.014104	0.003526
28	623	P999	122	126.740900	0.038860	126.740900	0.038860	124.262367	0.018544	124.262367	0.018544
29	623	P1	1	1.010146	0.010146	1.010146	0.010146	1.034368	0.034368	1.034368	0.034368
29	623	P50	3	2.958289	-0.013904	2.958289	-0.013904	3.029224	0.009741	3.029224	0.009741
29	623	P75	4	3.939921	-0.015020	3.939921	-0.015020	3.862873	-0.034282	3.862873	-0.034282
29	623	P90	4	4.040681	0.010170	4.040681	0.010170	3.961661	-0.009585	3.961661	-0.009585
29	623	P95	4	4.074836	0.018709	4.074836	0.018709	3.995149	-0.001213	3.995149	-0.001213
29	623	P99	6	6.055668	0.009278	6.055668	0.009278	6.200873	0.033479	6.200873	0.033479
29	623	P999	122	126.740900	0.038860	126.740900	0.038860	124.262367	0.018544	124.262367	0.018544
30	623	P1	2	1.996340	-0.001830	1.996340	-0.001830	1.929200	-0.035400	1.929200	-0.035400
30	623	P50	4	3.981153	-0.004712	3.981153	-0.004712	3.847262	-0.038184	3.847262	-0.038184
30	623	P75	4	4.100211	0.025053	4.100211	0.025053	3.962316	-0.009421	3.962316	-0.009421
30	623	P90	5	5.002960	0.000592	5.002960	0.000592	5.049377	0.009875	5.049377	0.009875
30	623	P95	5	5.086840	0.017368	5.086840	0.017368	5.134036	0.026807	5.134036	0.026807
30	623	P99	5	5.155508	0.031102	5.155508	0.031102	5.203341	0.040668	5.203341	0.040668
30	623	P999	75	76.345182	0.017936	76.345182	0.017936	77.053515	0.027380	77.053515	0.027380
31	623	P1	1	0.999675	-0.000325	0.999675	-0.000325	1.025667	0.025667	1.025667	0.025667
31	623	P50	3	2.955199	-0.014934	2.955199	-0.014934	3.032035	0.010678	3.032035	0.010678
31	623	P75	4	3.937846	-0.015538	3.937846	-0.015538	3.868463	-0.032884	3.868463	-0.032884
31	623	P90	4	4.031444	0.007861	4.031444	0.007861	3.960411	-0.009897	3.960411	-0.009897
31	623	P95	4	4.063135	0.015784	4.063135	0.015784	3.991543	-0.002114	3.991543	-0.002114
31	623	P99	5	5.079648	0.015930	5.079648	0.015930	5.211721	0.042344	5.211721	0.042344
31	623	P999	122	126.491106	0.036812	126.491106	0.036812	124.262367	0.018544	124.262367	0.018544
32	623	P1	1	1.024859	0.024859	1.024859	0.024859	1.034368	0.034368	1.034368	0.034368
32	623	P50	3	2.965782	-0.011406	2.965782	-0.011406	2.993299	-0.002234	2.993299	-0.002234
32	623	P75	3	3.042028	0.014009	3.042028	0.014009	3.070252	0.023417	3.070252	0.023417
32	623	P90	4	4.058253	0.014563	4.058253	0.014563	3.921769	-0.019558	3.921769	-0.019558
32	623	P95	4	4.113838	0.028460	4.113838	0.028460	3.975485	-0.006129	3.975485	-0.006129
32	623	P99	5	5.052849	0.010570	5.052849	0.010570	5.099730	0.019946	5.099730	0.019946
32	623	P999	74	76.345182	0.031692	76.345182	0.031692	77.053515	0.041264	77.053515	0.041264
33	623	P1	1	1.029197	0.029197	1.029197	0.029197	1.038746	0.038746	1.038746	0.038746
33	623	P50	3	2.987203	-0.004266	2.987203	-0.004266	3.014919	0.004973	3.014919	0.004973
33	623	P75	4	3.986712	-0.003322	3.986712	-0.003322	3.852634	-0.036841	3.852634	-0.036841
33	623	P90	4	4.092000	0.023000	4.092000	0.023000	3.954381	-0.011405	3.954381	-0.011405
33	623	P95	4	4.127710	0.031928	4.127710	0.031928	3.988890	-0.002777	3.988890	-0.002777
33	623	P99	5	5.052849	0.010570	5.052849	0.010570	5.099730	0.019946	5.099730	0.019946
33	623	P999	145	146.487477	0.010258	146.487477	0.010258	147.846593	0.019632	147.846593	0.019632
34	623	P1	1	1.014259	0.014259	1.014259	0.014259	1.023669	0.023669	1.023669	0.023669
34	623	P50	3	2.939743	-0.020086	2.939743	-0.020086	2.967018	-0.010994	2.967018	-0.010994
34	623	P75	3	3.013637	0.004546	3.013637	0.004546	3.041598	0.013866	3.041598	0.013866
34	623	P90	3	3.058571	0.019524	3.058571	0.019524	3.086948	0.028983	3.086948	0.028983
34	623	P95	4	4.050452	0.012613	4.050452	0.012613	3.914230	-0.021442	3.914230	-0.021442
34	623	P99	5	5.163811	0.032762	5.163811	0.032762	5.211721	0.042344	5.211721	0.042344
34	623	P999	177	182.028807	0.028411	182.028807	0.028411	183.717676	0.037953	183.717676	0.037953
35	623	P1	1	1.029197	0.029197	1.029197	0.029197	1.038746	0.038746	1.038746	0.038746
35	623	P50	3	2.989957	-0.003348	2.989957	-0.003348	3.017698	0.005899	3.017698	0.005899
35	623	P75	3	3.058737	0.019579	3.058737	0.019579	3.087116	0.029039	3.087116	0.029039
35	623	P90	4	4.082615	0.020654	4.082615	0.020654	3.945311	-0.013672	3.945311	-0.013672
35	623	P95	4	4.125130	0.031283	4.125130	0.031283	3.986397	-0.003401	3.986397	-0.003401
35	623	P99	66	67.015901	0.015392	67.015901	0.015392	67.637676	0.024813	67.637676	0.024813
35	623	P999	165	166.879993	0.011394	166.879993	0.011394	168.428311	0.020778	168.428311	0.020778
36	623	P1	1	1.014422	0.014422	1.014422	0.014422	1.038746	0.038746	1.038746	0.038746
36	623	P50	3	2.920650	-0.026450	2.920650	-0.026450	2.990683	-0.003106	2.990683	-0.003106
36	623	P75	3	2.992729	-0.002424	2.992729	-0.002424	3.064489	0.021496	3.064489	0.021496
36	623	P90	4	3.982259	-0.004435	3.982259	-0.004435	3.904382	-0.023904	3.904382	-0.023904
36	623	P95	4	4.043674	0.010919	4.043674	0.010919	3.964596	-0.008851	3.964596	-0.008851
36	623	P99	4	4.093892	0.023473	4.093892	0.023473	4.013832	0.003458	4.013832	0.003458
36	623	P999	74	75.249166	0.016881	75.249166	0.016881	77.053515	0.041264	77.053515	0.041264
37	623	P1	2	1.986376	-0.006812	1.986376	-0.006812	1.919572	-0.040214	1.919572	-0.040214
37	623	P50	3	2.936846	-0.021051	2.936846	-0.021051	2.964094	-0.011969	2.964094	-0.011969
37	623	P75	3	3.005808	0.001936	3.005808	0.001936	3.033696	0.011232	3.033696	0.011232
37	623	P90	3	3.047688	0.015896	3.047688	0.015896	3.075965	0.025322	3.075965	0.025322
37	623	P95	3	3.061778	0.020593	3.061778	0.020593	3.090185	0.030062	3.090185	0.030062
37	623	P99	4	4.144964	0.036241	4.144964	0.036241	4.005564	0.001391	4.005564	0.001391
37	623	P999	145	146.487477	0.010258	146.487477	0.010258	147.846593	0.019632	147.846593	0.019632
38	623	P1	1	1.018582	0.018582	1.018582	0.018582	1.028033	0.028033	1.028033	0.028033
38	623	P50	3	2.939194	-0.020269	2.939194	-0.020269	2.966464	-0.011179	2.966464	-0.011179
38	623	P75	3	3.011467	0.003822	3.011467	0.003822	3.039408	0.013136	3.039408	0.013136
38	623	P90	3	3.055395	0.018465	3.055395	0.018465	3.083743	0.027914	3.083743	0.027914
38	623	P95	4	4.024920	0.006230	4.024920	0.006230	3.889557	-0.027611	3.889557	-0.027611
38	623	P99	4	4.155571	0.038893	4.155571	0.038893	4.015814	0.003953	4.015814	0.003953
38	623	P999	176	182.028807	0.034255	182.028807	0.034255	183.717676	0.043850	183.717676	0.043850
39	623	P1	1	0.999675	-0.000325	0.999675	-0.000325	1.025667	0.025667	1.025667	0.025667
39	623	P50	3	2.941895	-0.019368	2.941895	-0.019368	3.018385	0.006128	3.018385	0.006128
39	623	P75	3	3.014497	0.004832	3.014497	0.004832	3.092875	0.030958	3.092875	0.030958
39	623	P90	4	4.024106	0.006026	4.024106	0.006026	3.953202	-0.011699	3.953202	-0.011699
39	623	P95	4	4.062727	0.015682	4.062727	0.015682	3.991143	-0.002214	3.991143	-0.002214
39	623	P99	5	5.079648	0.015930	5.079648	0.015930	5.211721	0.042344	5.211721	0.042344
39	623	P999	123	126.491106	0.028383	126.491106	0.028383	124.262367	0.010263	124.262367	0.010263
40	623	P1	1	1.024859	0.024859	1.024859	0.024859	1.034368	0.034368	1.034368	0.034368
40	623	P50	2	2.063211	0.031605	2.063211	0.031605	1.993822	-0.003089	1.993822	-0.003089
40	623	P75	3	3.002631	0.000877	3.002631	0.000877	3.030490	0.010163	3.030490	0.010163
40	623	P90	3	3.057530	0.019177	3.057530	0.019177	3.085898	0.028633	3.085898	0.028633
40	623	P95	4	4.047829	0.011957	4.047829	0.011957	3.911696	-0.022076	3.911696	-0.022076
40	623	P99	4	4.151374	0.037844	4.151374	0.037844	4.011759	0.002940	4.011759	0.002940
40	623	P999	73	73.099382	0.001361	73.099382	0.001361	73.777601	0.010652	73.777601	0.010652
41	623	P1	1	1.012423	0.012423	1.012423	0.012423	1.038746	0.038746	1.038746	0.038746
41	623	P50	3	2.954853	-0.015049	2.954853	-0.015049	3.031680	0.010560	3.031680	0.010560
41	623	P75	4	3.925979	-0.018505	3.925979	-0.018505	3.856804	-0.035799	3.856804	-0.035799
41	623	P90	4	4.028325	0.007081	4.028325	0.007081	3.957347	-0.010663	3.957347	-0.010663
41	623	P95	4	4.063030	0.015758	4.063030	0.015758	3.991441	-0.002140	3.991441	-0.002140
41	623	P99	60	60.437331	0.007289	60.437331	0.007289	62.008729	0.033479	62.008729	0.033479
41	623	P999	162	164.160074	0.013334	164.160074	0.013334	168.428311	0.039681	168.428311	0.039681
42	623	P1	1	1.014422	0.014422	1.014422	0.014422	1.038746	0.038746	1.038746	0.038746
42	623	P50	3	2.947448	-0.017517	2.947448	-0.017517	3.018123	0.006041	3.018123	0.006041
42	623	P75	3	3.018632	0.006211	3.018632	0.006211	3.091014	0.030338	3.091014	0.030338
42	623	P90	4	4.026335	0.006584	4.026335	0.006584	3.947596	-0.013101	3.947596	-0.013101
42	623	P95	4	4.064704	0.016176	4.064704	0.016176	3.985215	-0.003696	3.985215	-0.003696
42	623	P99	4	4.095913	0.023978	4.095913	0.023978	4.015814	0.003953	4.015814	0.003953
42	623	P999	75	75.249166	0.003322	75.249166	0.003322	77.053515	0.027380	77.053515	0.027380
43	623	P1	1	1.004755	0.004755	1.004755	0.004755	1.030879	0.030879	1.030879	0.030879
43	623	P50	3	2.967997	-0.010668	2.967997	-0.010668	3.045167	0.015056	3.045167	0.015056
43	623	P75	4	3.960391	-0.009902	3.960391	-0.009902	3.890610	-0.027348	3.890610	-0.027348
43	623	P90	4	4.040005	0.010001	4.040005	0.010001	3.968822	-0.007795	3.968822	-0.007795
43	623	P95	4	4.066898	0.016724	4.066898	0.016724	3.995240	-0.001190	3.995240	-0.001190
43	623	P99	5	5.079648	0.015930	5.079648	0.015930	5.211721	0.042344	5.211721	0.042344
43	623	P999	79	81.918265	0.036940	81.918265	0.036940	80.474887	0.018669	80.474887	0.018669
44	623	P1	1	1.019946	0.019946	1.019946	0.019946	1.044403	0.044403	1.044403	0.044403
44	623	P50	2	2.042771	0.021386	2.042771	0.021386	2.002823	0.001411	2.002823	0.001411
44	623	P75	3	2.962443	-0.012519	2.962443	-0.012519	3.033477	0.011159	3.033477	0.011159
44	623	P90	3	3.005500	0.001833	3.005500	0.001833	3.077567	0.025856	3.077567	0.025856
44	623	P95	3	3.019992	0.006664	3.019992	0.006664	3.092406	0.030802	3.092406	0.030802
44	623	P99	4	4.087833	0.021958	4.087833	0.021958	4.007891	0.001973	4.007891	0.001973
44	623	P999	175	179.415593	0.025232	179.415593	0.025232	175.906958	0.005183	175.906958	0.005183
45	623	P1	1	0.999698	-0.000302	0.999698	-0.000302	1.023669	0.023669	1.023669	0.023669
45	623	P50	2	2.028929	0.014465	2.028929	0.014465	1.989252	-0.005374	1.989252	-0.005374
45	623	P75	3	2.947198	-0.017601	2.947198	-0.017601	3.017867	0.005956	3.017867	0.005956
45	623	P90	3	3.000841	0.000280	3.000841	0.000280	3.072796	0.024265	3.072796	0.024265
45	623	P95	3	3.018937	0.006312	3.018937	0.006312	3.091327	0.030442	3.091327	0.030442
45	623	P99	4	4.095913	0.023978	4.095913	0.023978	4.015814	0.003953	4.015814	0.003953
45	623	P999	176	179.415593	0.019407	179.415593	0.019407	183.717676	0.043850	183.717676	0.043850
46	623	P1	2	1.975857	-0.012072	1.975857	-0.012072	1.929589	-0.035206	1.929589	-0.035206
46	623	P50	4	4.104249	0.026062	4.104249	0.026062	4.008140	0.002035	4.008140	0.002035
46	623	P75	5	5.001105	0.000221	5.001105	0.000221	5.100857	0.020171	5.100857	0.020171
46	623	P90	5	5.070072	0.014014	5.070072	0.014014	5.171200	0.034240	5.171200	0.034240
46	623	P95	5	5.093272	0.018654	5.093272	0.018654	5.194862	0.038972	5.194862	0.038972
46	623	P99	6	6.079609	0.013268	6.079609	0.013268	6.200873	0.033479	6.200873	0.033479
46	623	P999	148	151.391705	0.022917	151.391705	0.022917	154.411359	0.043320	154.411359	0.043320
47	623	P1	1	1.006739	0.006739	1.006739	0.006739	1.030879	0.030879	1.030879	0.030879
47	623	P50	3	2.948671	-0.017110	2.948671	-0.017110	3.019375	0.006458	3.019375	0.006458
47	623	P75	4	3.929479	-0.017630	3.929479	-0.017630	3.852634	-0.036841	3.852634	-0.036841
47	623	P90	4	4.033255	0.008314	4.033255	0.008314	3.954381	-0.011405	3.954381	-0.011405
47	623	P95	4	4.068453	0.017113	4.068453	0.017113	3.988890	-0.002777	3.988890	-0.002777
47	623	P99	5	4.980310	-0.003938	4.980310	-0.003938	5.099730	0.019946	5.099730	0.019946
47	623	P999	76	78.590422	0.034084	78.590422	0.034084	77.053515	0.013862	77.053515	0.013862
48	623	P1	1	0.999675	-0.000325	0.999675	-0.000325	1.025667	0.025667	1.025667	0.025667
48	623	P50	3	2.962804	-0.012399	2.962804	-0.012399	3.039839	0.013280	3.039839	0.013280
48	623	P75	4	3.954575	-0.011356	3.954575	-0.011356	3.884897	-0.028776	3.884897	-0.028776
48	623	P90	4	4.037800	0.009450	4.037800	0.009450	3.966655	-0.008336	3.966655	-0.008336
48	623	P95	4	4.065929	0.016482	4.065929	0.016482	3.994288	-0.001428	3.994288	-0.001428
48	623	P99	66	67.371325	0.020778	67.371325	0.020778	66.184260	0.002792	66.184260	0.002792
48	623	P999	122	126.491106	0.036812	126.491106	0.036812	124.262367	0.018544	124.262367	0.018544
49	623	P1	1	1.034802	0.034802	1.034802	0.034802	1.044403	0.044403	1.044403	0.044403
49	623	P50	3	2.963339	-0.012220	2.963339	-0.012220	2.990833	-0.003056	2.990833	-0.003056
49	623	P75	3	3.027173	0.009058	3.027173	0.009058	3.055259	0.018420	3.055259	0.018420
49	623	P90	3	3.065880	0.021960	3.065880	0.021960	3.094326	0.031442	3.094326	0.031442
49	623	P95	4	4.070769	0.017692	4.070769	0.017692	3.933864	-0.016534	3.933864	-0.016534
49	623	P99	4	4.146401	0.036600	4.146401	0.036600	4.006953	0.001738	4.006953	0.001738
49	623	P999	145	146.487477	0.010258	146.487477	0.010258	147.846593	0.019632	147.846593	0.019632
50	623	P1	1	1.011100	0.011100	1.011100	0.011100	1.020481	0.020481	1.020481	0.020481
50	623	P50	3	3.016399	0.005466	3.016399	0.005466	3.044386	0.014795	3.044386	0.014795
50	623	P75	4	4.028961	0.007240	4.028961	0.007240	3.893462	-0.026634	3.893462	-0.026634
50	623	P90	4	4.109156	0.027289	4.109156	0.027289	3.970960	-0.007260	3.970960	-0.007260
50	623	P95	4	4.136241	0.034060	4.136241	0.034060	3.997134	-0.000716	3.997134	-0.000716
50	623	P99	5	5.108029	0.021606	5.108029	0.021606	5.155421	0.031084	5.155421	0.031084
50	623	P999	79	79.735102	0.009305	79.735102	0.009305	80.474887	0.018669	80.474887	0.018669
51	623	P1	1	0.997728	-0.002272	0.997728	-0.002272	1.023669	0.023669	1.023669	0.023669
51	623	P50	3	2.924435	-0.025188	2.924435	-0.025188	3.000472	0.000157	3.000472	0.000157
51	623	P75	3	2.999334	-0.000222	2.999334	-0.000222	3.077318	0.025773	3.077318	0.025773
51	623	P90	4	4.003050	0.000762	4.003050	0.000762	3.932517	-0.016871	3.932517	-0.016871
51	623	P95	4	4.050622	0.012656	4.050622	0.012656	3.979252	-0.005187	3.979252	-0.005187
51	623	P99	5	4.970495	-0.005901	4.970495	-0.005901	5.099730	0.019946	5.099730	0.019946
51	623	P999	165	171.449200	0.039086	171.449200	0.039086	168.428311	0.020778	168.428311	0.020778
52	623	P1	1	1.011100	0.011100	1.011100	0.011100	1.020481	0.020481	1.020481	0.020481
52	623	P50	3	2.995930	-0.001357	2.995930	-0.001357	3.023726	0.007909	3.023726	0.007909
52	623	P75	4	3.999530	-0.000118	3.999530	-0.000118	3.865021	-0.033745	3.865021	-0.033745
52	623	P90	4	4.096884	0.024221	4.096884	0.024221	3.959101	-0.010225	3.959101	-0.010225
52	623	P95	4	4.129859	0.032465	4.129859	0.032465	3.990967	-0.002258	3.990967	-0.002258
52	623	P99	7	7.309938	0.044277	7.309938	0.044277	7.064096	0.009157	7.064096	0.009157
52	623	P999	177	182.028807	0.028411	182.028807	0.028411	183.717676	0.037953	183.717676	0.037953
53	623	P1	1	1.016238	0.016238	1.016238	0.016238	1.025667	0.025667	1.025667	0.025667
53	623	P50	3	2.943152	-0.018949	2.943152	-0.018949	2.970459	-0.009847	2.970459	-0.009847
53	623	P75	3	3.013981	0.004660	3.013981	0.004660	3.041944	0.013981	3.041944	0.013981
53	623	P90	3	3.057013	0.019004	3.057013	0.019004	3.085377	0.028459	3.085377	0.028459
53	623	P95	4	4.031096	0.007774	4.031096	0.007774	3.895525	-0.026119	3.895525	-0.026119
53	623	P99	4	4.142052	0.035513	4.142052	0.035513	4.002750	0.000688	4.002750	0.000688
53	623	P999	145	146.487477	0.010258	146.487477	0.010258	147.846593	0.019632	147.846593	0.019632
54	623	P1	1	0.999675	-0.000325	0.999675	-0.000325	1.025667	0.025667	1.025667	0.025667
54	623	P50	3	2.962036	-0.012655	2.962036	-0.012655	3.039050	0.013017	3.039050	0.013017
54	623	P75	4	3.951909	-0.012023	3.951909	-0.012023	3.882278	-0.029431	3.882278	-0.029431
54	623	P90	4	4.043682	0.010920	4.043682	0.010920	3.972433	-0.006892	3.972433	-0.006892
54	623	P95	4	4.074744	0.018686	4.074744	0.018686	4.002948	0.000737	4.002948	0.000737
54	623	P99	71	71.907961	0.012788	71.907961	0.012788	73.777601	0.039121	73.777601	0.039121
54	623	P999	173	179.061982	0.035040	179.061982	0.035040	175.906958	0.016803	175.906958	0.016803
55	623	P1	2	1.977248	-0.011376	1.977248	-0.011376	1.930947	-0.034526	1.930947	-0.034526
55	623	P50	4	4.040566	0.010141	4.040566	0.010141	3.945949	-0.013513	3.945949	-0.013513
55	623	P75	5	4.977782	-0.004444	4.977782	-0.004444	5.077068	0.015414	5.077068	0.015414
55	623	P90	5	5.062648	0.012530	5.062648	0.012530	5.163628	0.032726	5.163628	0.032726
55	623	P95	5	5.091257	0.018251	5.091257	0.018251	5.192808	0.038562	5.192808	0.038562
55	623	P99	7	7.078046	0.011149	7.078046	0.011149	6.912301	-0.012528	6.912301	-0.012528
55	623	P999	146	151.391705	0.036929	151.391705	0.036929	147.846593	0.012648	147.846593	0.012648
56	623	P1	1	1.010146	0.010146	1.010146	0.010146	1.034368	0.034368	1.034368	0.034368
56	623	P50	3	2.945669	-0.018110	2.945669	-0.018110	3.016302	0.005434	3.016302	0.005434
56	623	P75	3	3.013894	0.004631	3.013894	0.004631	3.086162	0.028721	3.086162	0.028721
56	623	P90	4	4.020546	0.005137	4.020546	0.005137	3.941921	-0.014520	3.941921	-0.014520
56	623	P95	4	4.062094	0.015524	4.062094	0.015524	3.982656	-0.004336	3.982656	-0.004336
56	623	P99	4	4.095913	0.023978	4.095913	0.023978	4.015814	0.003953	4.015814	0.003953
56	623	P999	121	121.352538	0.002914	121.352538	0.002914	124.262367	0.026962	124.262367	0.026962
57	623	P1	2	1.957364	-0.021318	1.957364	-0.021318	1.919086	-0.040457	1.919086	-0.040457
57	623	P50	3	2.919582	-0.026806	2.919582	-0.026806	2.989589	-0.003470	2.989589	-0.003470
57	623	P75	3	2.993796	-0.002068	2.993796	-0.002068	3.065582	0.021861	3.065582	0.021861
57	623	P90	4	3.987858	-0.003035	3.987858	-0.003035	3.909872	-0.022532	3.909872	-0.022532
57	623	P95	4	4.047317	0.011829	4.047317	0.011829	3.968168	-0.007958	3.968168	-0.007958
57	623	P99	4	4.095913	0.023978	4.095913	0.023978	4.015814	0.003953	4.015814	0.003953
57	623	P999	177	179.415593	0.013647	179.415593	0.013647	183.717676	0.037953	183.717676	0.037953
58	623	P1	1	1.034802	0.034802	1.034802	0.034802	1.044403	0.044403	1.044403	0.044403
58	623	P50	2	2.064913	0.032457	2.064913	0.032457	1.995467	-0.002266	1.995467	-0.002266
58	623	P75	3	3.000266	0.000089	3.000266	0.000089	3.028103	0.009368	3.028103	0.009368
58	623	P90	3	3.050155	0.016718	3.050155	0.016718	3.078454	0.026151	3.078454	0.026151
58	623	P95	4	3.991723	-0.002069	3.991723	-0.002069	3.857476	-0.035631	3.857476	-0.035631
58	623	P99	4	4.155571	0.038893	4.155571	0.038893	4.015814	0.003953	4.015814	0.003953
58	623	P999	145	146.487477	0.010258	146.487477	0.010258	147.846593	0.019632	147.846593	0.019632
59	623	P1	1	1.034802	0.034802	1.034802	0.034802	1.044403	0.044403	1.044403	0.044403
59	623	P50	2	2.066129	0.033064	2.066129	0.033064	1.996642	-0.001679	1.996642	-0.001679
59	623	P75	3	3.004639	0.001546	3.004639	0.001546	3.032516	0.010839	3.032516	0.010839
59	623	P90	3	3.055865	0.018622	3.055865	0.018622	3.084218	0.028073	3.084218	0.028073
59	623	P95	4	4.035477	0.008869	4.035477	0.008869	3.899759	-0.025060	3.899759	-0.025060
59	623	P99	4	4.146554	0.036638	4.146554	0.036638	4.007100	0.001775	4.007100	0.001775
59	623	P999	73	73.099382	0.001361	73.099382	0.001361	73.777601	0.010652	73.777601	0.010652
60	623	P1	1	1.006739	0.006739	1.006739	0.006739	1.030879	0.030879	1.030879	0.030879
60	623	P50	3	2.945425	-0.018192	2.945425	-0.018192	3.016052	0.005351	3.016052	0.005351
60	623	P75	3	3.019463	0.006488	3.019463	0.006488	3.091865	0.030622	3.091865	0.030622
60	623	P90	4	4.031141	0.007785	4.031141	0.007785	3.952308	-0.011923	3.952308	-0.011923
60	623	P95	4	4.070389	0.017597	4.070389	0.017597	3.990789	-0.002303	3.990789	-0.002303
60	623	P99	5	5.089679	0.017936	5.089679	0.017936	5.211721	0.042344	5.211721	0.042344
60	623	P999	123	126.740900	0.030414	126.740900	0.030414	124.262367	0.010263	124.262367	0.010263
61	623	P1	2	1.985916	-0.007042	1.985916	-0.007042	1.919128	-0.040436	1.919128	-0.040436
61	623	P50	3	2.976396	-0.007868	2.976396	-0.007868	3.004011	0.001337	3.004011	0.001337
61	623	P75	3	3.053796	0.017932	3.053796	0.017932	3.082129	0.027376	3.082129	0.027376
61	623	P90	4	4.077061	0.019265	4.077061	0.019265	3.939945	-0.015014	3.939945	-0.015014
61	623	P95	4	4.121948	0.030487	4.121948	0.030487	3.983322	-0.004169	3.983322	-0.004169
61	623	P99	5	5.163811	0.032762	5.163811	0.032762	5.211721	0.042344	5.211721	0.042344
61	623	P999	176	182.028807	0.034255	182.028807	0.034255	183.717676	0.043850	183.717676	0.043850
62	623	P1	1	0.999675	-0.000325	0.999675	-0.000325	1.025667	0.025667	1.025667	0.025667
62	623	P50	3	2.913390	-0.028870	2.913390	-0.028870	2.989139	-0.003620	2.989139	-0.003620
62	623	P75	3	2.979071	-0.006976	2.979071	-0.006976	3.056528	0.018843	3.056528	0.018843
62	623	P90	4	3.932402	-0.016899	3.932402	-0.016899	3.863115	-0.034221	3.863115	-0.034221
62	623	P95	4	4.014732	0.003683	4.014732	0.003683	3.943993	-0.014002	3.943993	-0.014002
62	623	P99	4	4.082380	0.020595	4.082380	0.020595	4.010449	0.002612	4.010449	0.002612
62	623	P999	148	150.498333	0.016881	150.498333	0.016881	154.411359	0.043320	154.411359	0.043320
63	623	P1	2	1.957863	-0.021069	1.957863	-0.021069	1.919575	-0.040213	1.919575	-0.040213
63	623	P50	3	2.895283	-0.034906	2.895283	-0.034906	2.964707	-0.011764	2.964707	-0.011764
63	623	P75	3	2.970000	-0.010000	2.970000	-0.010000	3.041216	0.013739	3.041216	0.013739
63	623	P90	3	3.015457	0.005152	3.015457	0.005152	3.087763	0.029254	3.087763	0.029254
63	623	P95	4	3.993751	-0.001562	3.993751	-0.001562	3.915650	-0.021088	3.915650	-0.021088
63	623	P99	4	4.095913	0.023978	4.095913	0.023978	4.015814	0.003953	4.015814	0.003953
63	623	P999	176	179.415593	0.019407	179.415593	0.019407	183.717676	0.043850	183.717676	0.043850
64	623	P1	1	1.006739	0.006739	1.006739	0.006739	1.030879	0.030879	1.030879	0.030879
64	623	P50	3	2.956932	-0.014356	2.956932	-0.014356	3.027834	0.009278	3.027834	0.009278
64	623	P75	4	3.935558	-0.016110	3.935558	-0.016110	3.858595	-0.035351	3.858595	-0.035351
64	623	P90	4	4.035573	0.008893	4.035573	0.008893	3.956654	-0.010837	3.956654	-0.010837
64	623	P95	4	4.069473	0.017368	4.069473	0.017368	3.989890	-0.002527	3.989890	-0.002527
64	623	P99	6	6.055668	0.009278	6.055668	0.009278	6.200873	0.033479	6.200873	0.033479
64	623	P999	122	126.740900	0.038860	126.740900	0.038860	124.262367	0.018544	124.262367	0.018544
65	623	P1	1	1.024859	0.024859	1.024859	0.024859	1.034368	0.034368	1.034368	0.034368
65	623	P50	3	2.973338	-0.008887	2.973338	-0.008887	3.000925	0.000308	3.000925	0.000308
65	623	P75	3	3.043157	0.014386	3.043157	0.014386	3.071392	0.023797	3.071392	0.023797
65	623	P90	4	4.053178	0.013294	4.053178	0.013294	3.916864	-0.020784	3.916864	-0.020784
65	623	P95	4	4.107587	0.026897	4.107587	0.026897	3.969444	-0.007639	3.969444	-0.007639
65	623	P99	4	4.151997	0.037999	4.151997	0.037999	4.012361	0.003090	4.012361	0.003090
65	623	P999	73	73.099382	0.001361	73.099382	0.001361	73.777601	0.010652	73.777601	0.010652
66	623	P1	1	1.021402	0.021402	1.021402	0.021402	1.030879	0.030879	1.030879	0.030879
66	623	P50	3	2.985406	-0.004865	2.985406	-0.004865	3.013105	0.004368	3.013105	0.004368
66	623	P75	4	3.985865	-0.003534	3.985865	-0.003534	3.851815	-0.037046	3.851815	-0.037046
66	623	P90	4	4.095427	0.023857	4.095427	0.023857	3.957693	-0.010577	3.957693	-0.010577
66	623	P95	4	4.132613	0.033153	4.132613	0.033153	3.993628	-0.001593	3.993628	-0.001593
66	623	P99	5	5.131861	0.026372	5.131861	0.026372	5.179475	0.035895	5.179475	0.035895
66	623	P999	80	83.275545	0.040944	83.275545	0.040944	80.474887	0.005936	80.474887	0.005936
67	623	P1	1	1.001649	0.001649	1.001649	0.001649	1.025667	0.025667	1.025667	0.025667
67	623	P50	2	2.040236	0.020118	2.040236	0.020118	2.000337	0.000168	2.000337	0.000168
67	623	P75	3	2.959020	-0.013660	2.959020	-0.013660	3.029972	0.009991	3.029972	0.009991
67	623	P90	3	3.002497	0.000832	3.002497	0.000832	3.074492	0.024831	3.074492	0.024831
67	623	P95	3	3.017131	0.005710	3.017131	0.005710	3.089476	0.029825	3.089476	0.029825
67	623	P99	4	4.095913	0.023978	4.095913	0.023978	4.015814	0.003953	4.015814	0.003953
67	623	P999	175	179.415593	0.025232	179.415593	0.025232	175.906958	0.005183	175.906958	0.005183
68	623	P1	1	1.010146	0.010146	1.010146	0.010146	1.034368	0.034368	1.034368	0.034368
68	623	P50	3	2.948801	-0.017066	2.948801	-0.017066	3.019508	0.006503	3.019508	0.006503
68	623	P75	3	3.020018	0.006673	3.020018	0.006673	3.092433	0.030811	3.092433	0.030811
68	623	P90	4	4.027762	0.006941	4.027762	0.006941	3.948996	-0.012751	3.948996	-0.012751
68	623	P95	4	4.065347	0.016337	4.065347	0.016337	3.985846	-0.003539	3.985846	-0.003539
68	623	P99	4	4.095913	0.023978	4.095913	0.023978	4.015814	0.003953	4.015814	0.003953
68	623	P999	122	126.740900	0.038860	126.740900	0.038860	124.262367	0.018544	124.262367	0.018544
69	623	P1	1	1.024859	0.024859	1.024859	0.024859	1.034368	0.034368	1.034368	0.034368
69	623	P50	3	2.980343	-0.006552	2.980343	-0.006552	3.007995	0.002665	3.007995	0.002665
69	623	P75	3	3.047533	0.015844	3.047533	0.015844	3.075808	0.025269	3.075808	0.025269
69	623	P90	4	4.062149	0.015537	4.062149	0.015537	3.925534	-0.018616	3.925534	-0.018616
69	623	P95	4	4.113602	0.028401	4.113602	0.028401	3.975257	-0.006186	3.975257	-0.006186
69	623	P99	4	4.155571	0.038893	4.155571	0.038893	4.015814	0.003953	4.015814	0.003953
69	623	P999	74	76.345182	0.031692	76.345182	0.031692	77.053515	0.041264	77.053515	0.041264
70	623	P1	2	1.986107	-0.006947	1.986107	-0.006947	1.919312	-0.040344	1.919312	-0.040344
70	623	P50	3	2.939712	-0.020096	2.939712	-0.020096	2.966987	-0.011004	2.966987	-0.011004
70	623	P75	3	3.013062	0.004354	3.013062	0.004354	3.041017	0.013672	3.041017	0.013672
70	623	P90	3	3.057657	0.019219	3.057657	0.019219	3.086027	0.028676	3.086027	0.028676
70	623	P95	4	4.043096	0.010774	4.043096	0.010774	3.907122	-0.023219	3.907122	-0.023219
70	623	P99	6	6.143870	0.023978	6.143870	0.023978	6.200873	0.033479	6.200873	0.033479
70	623	P999	176	182.028807	0.034255	182.028807	0.034255	183.717676	0.043850	183.717676	0.043850
71	623	P1	1	1.029197	0.029197	1.029197	0.029197	1.038746	0.038746	1.038746	0.038746
71	623	P50	2	2.061883	0.030942	2.061883	0.030942	1.992540	-0.003730	1.992540	-0.003730
71	623	P75	3	2.994082	-0.001973	2.994082	-0.001973	3.021861	0.007287	3.021861	0.007287
71	623	P90	3	3.044490	0.014830	3.044490	0.014830	3.072737	0.024246	3.072737	0.024246
71	623	P95	3	3.061480	0.020493	3.061480	0.020493	3.089885	0.029962	3.089885	0.029962
71	623	P99	4	4.145553	0.036388	4.145553	0.036388	4.006133	0.001533	4.006133	0.001533
71	623	P999	145	146.487477	0.010258	146.487477	0.010258	147.846593	0.019632	147.846593	0.019632
72	623	P1	1	1.034802	0.034802	1.034802	0.034802	1.044403	0.044403	1.044403	0.044403
72	623	P50	2	2.070283	0.035141	2.070283	0.035141	2.000657	0.000328	2.000657	0.000328
72	623	P75	3	3.013390	0.004463	3.013390	0.004463	3.041349	0.013783	3.041349	0.013783
72	623	P90	3	3.064766	0.021589	3.064766	0.021589	3.093201	0.031067	3.093201	0.031067
72	623	P95	4	4.071096	0.017774	4.071096	0.017774	3.934180	-0.016455	3.934180	-0.016455
72	623	P99	4	4.152290	0.038072	4.152290	0.038072	4.012643	0.003161	4.012643	0.003161
72	623	P999	74	76.345182	0.031692	76.345182	0.031692	77.053515	0.041264	77.053515	0.041264
73	623	P1	1	1.016238	0.016238	1.016238	0.016238	1.025667	0.025667	1.025667	0.025667
73	623	P50	2	2.064060	0.032030	2.064060	0.032030	1.994643	-0.002678	1.994643	-0.002678
73	623	P75	3	2.997145	-0.000952	2.997145	-0.000952	3.024953	0.008318	3.024953	0.008318
73	623	P90	3	3.045781	0.015260	3.045781	0.015260	3.074040	0.024680	3.074040	0.024680
73	623	P95	3	3.062168	0.020723	3.062168	0.020723	3.090579	0.030193	3.090579	0.030193
73	623	P99	4	4.137556	0.034389	4.137556	0.034389	3.998405	-0.000399	3.998405	-0.000399
73	623	P999	146	146.487477	0.003339	146.487477	0.003339	147.846593	0.012648	147.846593	0.012648
74	623	P1	1	1.018582	0.018582	1.018582	0.018582	1.028033	0.028033	1.028033	0.028033
74	623	P50	2	2.056761	0.028381	2.056761	0.028381	1.987590	-0.006205	1.987590	-0.006205
74	623	P75	3	2.988485	-0.003838	2.988485	-0.003838	3.016213	0.005404	3.016213	0.005404
74	623	P90	3	3.046821	0.015607	3.046821	0.015607	3.075089	0.025030	3.075089	0.025030
74	623	P95	4	3.985076	-0.003731	3.985076	-0.003731	3.851053	-0.037237	3.851053	-0.037237
74	623	P99	4	4.142695	0.035674	4.142695	0.035674	4.003371	0.000843	4.003371	0.000843
74	623	P999	73	73.099382	0.001361	73.099382	0.001361	73.777601	0.010652	73.777601	0.010652
75	623	P1	1	1.018582	0.018582	1.018582	0.018582	1.028033	0.028033	1.028033	0.028033
75	623	P50	3	2.988494	-0.003835	2.988494	-0.003835	3.016222	0.005407	3.016222	0.005407
75	623	P75	3	3.062516	0.020839	3.062516	0.020839	3.090930	0.030310	3.090930	0.030310
75	623	P90	4	4.085741	0.021435	4.085741	0.021435	3.948333	-0.012917	3.948333	-0.012917
75	623	P95	4	4.124954	0.031239	4.124954	0.031239	3.986227	-0.003443	3.986227	-0.003443
75	623	P99	5	5.163811	0.032762	5.163811	0.032762	5.211721	0.042344	5.211721	0.042344
75	623	P999	122	123.120055	0.009181	123.120055	0.009181	124.262367	0.018544	124.262367	0.018544
76	623	P1	1	1.029197	0.029197	1.029197	0.029197	1.038746	0.038746	1.038746	0.038746
76	623	P50	3	2.963201	-0.012266	2.963201	-0.012266	2.990693	-0.003102	2.990693	-0.003102
76	623	P75	3	3.040257	0.013419	3.040257	0.013419	3.068464	0.022821	3.068464	0.022821
76	623	P90	4	4.055249	0.013812	4.055249	0.013812	3.918866	-0.020284	3.918866	-0.020284
76	623	P95	4	4.112541	0.028135	4.112541	0.028135	3.974231	-0.006442	3.974231	-0.006442
76	623	P99	5	5.163811	0.032762	5.163811	0.032762	5.211721	0.042344	5.211721	0.042344
76	623	P999	177	182.028807	0.028411	182.028807	0.028411	183.717676	0.037953	183.717676	0.037953
77	623	P1	1	1.003959	0.003959	1.003959	0.003959	1.028033	0.028033	1.028033	0.028033
77	623	P50	2	2.038137	0.019069	2.038137	0.019069	1.998280	-0.000860	1.998280	-0.000860
77	623	P75	3	2.958642	-0.013786	2.958642	-0.013786	3.029585	0.009862	3.029585	0.009862
77	623	P90	3	3.004446	0.001482	3.004446	0.001482	3.076487	0.025496	3.076487	0.025496
77	623	P95	3	3.019870	0.006623	3.019870	0.006623	3.092282	0.030761	3.092282	0.030761
77	623	P99	4	4.080469	0.020117	4.080469	0.020117	4.000672	0.000168	4.000672	0.000168
77	623	P999	145	150.795536	0.039969	150.795536	0.039969	147.846593	0.019632	147.846593	0.019632
78	623	P1	2	1.986361	-0.006819	1.986361	-0.006819	1.919558	-0.040221	1.919558	-0.040221
78	623	P50	3	2.982975	-0.005675	2.982975	-0.005675	3.010651	0.003550	3.010651	0.003550
78	623	P75	3	3.058517	0.019506	3.058517	0.019506	3.086894	0.028965	3.086894	0.028965
78	623	P90	4	4.081579	0.020395	4.081579	0.020395	3.944310	-0.013922	3.944310	-0.013922
78	623	P95	4	4.123120	0.030780	4.123120	0.030780	3.984454	-0.003886	3.984454	-0.003886
78	623	P99	5	5.163811	0.032762	5.163811	0.032762	5.211721	0.042344	5.211721	0.042344
78	623	P999	176	182.028807	0.034255	182.028807	0.034255	183.717676	0.043850	183.717676	0.043850
79	623	P1	1	1.017936	0.017936	1.017936	0.017936	1.044403	0.044403	1.044403	0.044403
79	623	P50	3	2.984900	-0.005033	2.984900	-0.005033	3.062508	0.020836	3.062508	0.020836
79	623	P75	4	3.981675	-0.004581	3.981675	-0.004581	3.911519	-0.022120	3.911519	-0.022120
79	623	P90	4	4.047611	0.011903	4.047611	0.011903	3.976294	-0.005927	3.976294	-0.005927
79	623	P95	4	4.069832	0.017458	4.069832	0.017458	3.998123	-0.000469	3.998123	-0.000469
79	623	P99	4	4.087841	0.021960	4.087841	0.021960	4.015814	0.003953	4.015814	0.003953
79	623	P999	78	78.435527	0.005584	78.435527	0.005584	80.474887	0.031729	80.474887	0.031729
80	623	P1	1	1.034802	0.034802	1.034802	0.034802	1.044403	0.044403	1.044403	0.044403
80	623	P50	3	2.980117	-0.006628	2.980117	-0.006628	3.007767	0.002589	3.007767	0.002589
80	623	P75	3	3.049614	0.016538	3.049614	0.016538	3.077908	0.025969	3.077908	0.025969
80	623	P90	4	4.067057	0.016764	4.067057	0.016764	3.930277	-0.017431	3.930277	-0.017431
80	623	P95	4	4.115820	0.028955	4.115820	0.028955	3.977400	-0.005650	3.977400	-0.005650
80	623	P99	4	4.155571	0.038893	4.155571	0.038893	4.015814	0.003953	4.015814	0.003953
80	623	P999	74	76.345182	0.031692	76.345182	0.031692	77.053515	0.041264	77.053515	0.041264
81	623	P1	1	1.012423	0.012423	1.012423	0.012423	1.038746	0.038746	1.038746	0.038746
81	623	P50	3	2.957932	-0.014023	2.957932	-0.014023	3.034839	0.011613	3.034839	0.011613
81	623	P75	4	3.943819	-0.014045	3.943819	-0.014045	3.874330	-0.031418	3.874330	-0.031418
81	623	P90	4	4.037558	0.009390	4.037558	0.009390	3.966417	-0.008396	3.966417	-0.008396
81	623	P95	4	4.069297	0.017324	4.069297	0.017324	3.997597	-0.000601	3.997597	-0.000601
81	623	P99	67	68.850809	0.027624	68.850809	0.027624	67.637676	0.009518	67.637676	0.009518
81	623	P999	165	171.449200	0.039086	171.449200	0.039086	168.428311	0.020778	168.428311	0.020778
82	623	P1	1	1.018582	0.018582	1.018582	0.018582	1.028033	0.028033	1.028033	0.028033
82	623	P50	3	2.987084	-0.004305	2.987084	-0.004305	3.014798	0.004933	3.014798	0.004933
82	623	P75	3	3.057226	0.019075	3.057226	0.019075	3.085591	0.028530	3.085591	0.028530
82	623	P90	4	4.078523	0.019631	4.078523	0.019631	3.941358	-0.014661	3.941358	-0.014661
82	623	P95	4	4.120996	0.030249	4.120996	0.030249	3.982402	-0.004399	3.982402	-0.004399
82	623	P99	4	4.155571	0.038893	4.155571	0.038893	4.015814	0.003953	4.015814	0.003953
82	623	P999	165	166.879993	0.011394	166.879993	0.011394	168.428311	0.020778	168.428311	0.020778
83	623	P1	1	1.001981	0.001981	1.001981	0.001981	1.028033	0.028033	1.028033	0.028033
83	623	P50	3	2.965733	-0.011422	2.965733	-0.011422	3.042844	0.014281	3.042844	0.014281
83	623	P75	4	3.963994	-0.009002	3.963994	-0.009002	3.894149	-0.026463	3.894149	-0.026463
83	623	P90	4	4.041371	0.010343	4.041371	0.010343	3.970163	-0.007459	3.970163	-0.007459
83	623	P95	4	4.067498	0.016874	4.067498	0.016874	3.995829	-0.001043	3.995829	-0.001043
83	623	P99	5	4.970495	-0.005901	4.970495	-0.005901	5.099730	0.019946	5.099730	0.019946
83	623	P999	78	78.435527	0.005584	78.435527	0.005584	80.474887	0.031729	80.474887	0.031729
84	623	P1	1	1.010146	0.010146	1.010146	0.010146	1.034368	0.034368	1.034368	0.034368
84	623	P50	2	2.041637	0.020819	2.041637	0.020819	2.001711	0.000856	2.001711	0.000856
84	623	P75	3	2.961590	-0.012803	2.961590	-0.012803	3.032604	0.010868	3.032604	0.010868
84	623	P90	3	3.005264	0.001755	3.005264	0.001755	3.077325	0.025775	3.077325	0.025775
84	623	P95	3	3.019964	0.006655	3.019964	0.006655	3.092378	0.030793	3.092378	0.030793
84	623	P99	4	4.080469	0.020117	4.080469	0.020117	4.000672	0.000168	4.000672	0.000168
84	623	P999	145	150.795536	0.039969	150.795536	0.039969	147.846593	0.019632	147.846593	0.019632
85	623	P1	1	1.034802	0.034802	1.034802	0.034802	1.044403	0.044403	1.044403	0.044403
85	623	P50	3	3.012805	0.004268	3.012805	0.004268	3.040758	0.013586	3.040758	0.013586
85	623	P75	4	4.011075	0.002769	4.011075	0.002769	3.876177	-0.030956	3.876177	-0.030956
85	623	P90	4	4.103162	0.025791	4.103162	0.025791	3.965168	-0.008708	3.965168	-0.008708
85	623	P95	4	4.134326	0.033581	4.134326	0.033581	3.995283	-0.001179	3.995283	-0.001179
85	623	P99	66	65.575845	-0.006427	65.575845	-0.006427	66.184260	0.002792	66.184260	0.002792
85	623	P999	122	123.120055	0.009181	123.120055	0.009181	124.262367	0.018544	124.262367	0.018544
86	623	P1	1	0.995323	-0.004677	0.995323	-0.004677	1.019189	0.019189	1.019189	0.019189
86	623	P50	2	2.041302	0.020651	2.041302	0.020651	2.001382	0.000691	2.001382	0.000691
86	623	P75	3	2.961877	-0.012708	2.961877	-0.012708	3.032898	0.010966	3.032898	0.010966
86	623	P90	3	3.006039	0.002013	3.006039	0.002013	3.078118	0.026039	3.078118	0.026039
86	623	P95	3	3.020905	0.006968	3.020905	0.006968	3.093341	0.031114	3.093341	0.031114
86	623	P99	5	5.089679	0.017936	5.089679	0.017936	5.211721	0.042344	5.211721	0.042344
86	623	P999	176	179.415593	0.019407	179.415593	0.019407	183.717676	0.043850	183.717676	0.043850
87	623	P1	1	0.997728	-0.002272	0.997728	-0.002272	1.023669	0.023669	1.023669	0.023669
87	623	P50	3	2.939763	-0.020079	2.939763	-0.020079	3.016198	0.005399	3.016198	0.005399
87	623	P75	3	3.007159	0.002386	3.007159	0.002386	3.085347	0.028449	3.085347	0.028449
87	623	P90	4	4.012238	0.003059	4.012238	0.003059	3.941543	-0.014614	3.941543	-0.014614
87	623	P95	4	4.054677	0.013669	4.054677	0.013669	3.983234	-0.004191	3.983234	-0.004191
87	623	P99	5	5.079648	0.015930	5.079648	0.015930	5.211721	0.042344	5.211721	0.042344
87	623	P999	122	126.491106	0.036812	126.491106	0.036812	124.262367	0.018544	124.262367	0.018544
88	623	P1	2	1.954482	-0.022759	1.954482	-0.022759	1.920045	-0.039978	1.920045	-0.039978
88	623	P50	3	2.964127	-0.011958	2.964127	-0.011958	3.041196	0.013732	3.041196	0.013732
88	623	P75	4	3.948942	-0.012764	3.948942	-0.012764	3.879363	-0.030159	3.879363	-0.030159
88	623	P90	4	4.035661	0.008915	4.035661	0.008915	3.964554	-0.008861	3.964554	-0.008861
88	623	P95	4	4.064989	0.016247	4.064989	0.016247	3.993365	-0.001659	3.993365	-0.001659
88	623	P99	5	5.079648	0.015930	5.079648	0.015930	5.211721	0.042344	5.211721	0.042344
88	623	P999	121	121.113364	0.000937	121.113364	0.000937	124.262367	0.026962	124.262367	0.026962
89	623	P1	2	1.953625	-0.023187	1.953625	-0.023187	1.919203	-0.040399	1.919203	-0.040399
89	623	P50	3	2.942615	-0.019128	2.942615	-0.019128	3.019124	0.006375	3.019124	0.006375
89	623	P75	3	3.014972	0.004991	3.014972	0.004991	3.093362	0.031121	3.093362	0.031121
89	623	P90	4	4.022233	0.005558	4.022233	0.005558	3.951363	-0.012159	3.951363	-0.012159
89	623	P95	4	4.059767	0.014942	4.059767	0.014942	3.988235	-0.002941	3.988235	-0.002941
89	623	P99	66	67.371325	0.020778	67.371325	0.020778	66.184260	0.002792	66.184260	0.002792
89	623	P999	165	171.449200	0.039086	171.449200	0.039086	168.428311	0.020778	168.428311	0.020778
90	623	P1	1	1.014422	0.014422	1.014422	0.014422	1.038746	0.038746	1.038746	0.038746
90	623	P50	2	2.035481	0.017740	2.035481	0.017740	1.995675	-0.002162	1.995675	-0.002162
90	623	P75	3	2.955663	-0.014779	2.955663	-0.014779	3.026535	0.008845	3.026535	0.008845
90	623	P90	3	3.003243	0.001081	3.003243	0.001081	3.075256	0.025085	3.075256	0.025085
90	623	P95	3	3.019273	0.006424	3.019273	0.006424	3.091670	0.030557	3.091670	0.030557
90	623	P99	4	4.079768	0.019942	4.079768	0.019942	3.999985	-0.000004	3.999985	-0.000004
90	623	P999	145	150.795536	0.039969	150.795536	0.039969	147.846593	0.019632	147.846593	0.019632
91	623	P1	1	1.003959	0.003959	1.003959	0.003959	1.028033	0.028033	1.028033	0.028033
91	623	P50	3	2.904384	-0.031872	2.904384	-0.031872	2.974026	-0.008658	2.974026	-0.008658
91	623	P75	3	2.976852	-0.007716	2.976852	-0.007716	3.048232	0.016077	3.048232	0.016077
91	623	P90	3	3.020912	0.006971	3.020912	0.006971	3.093348	0.031116	3.093348	0.031116
91	623	P95	4	4.016121	0.004030	4.016121	0.004030	3.937582	-0.015604	3.937582	-0.015604
91	623	P99	6	5.925542	-0.012410	5.925542	-0.012410	6.067627	0.011271	6.067627	0.011271
91	623	P999	176	179.415593	0.019407	179.415593	0.019407	183.717676	0.043850	183.717676	0.043850
92	623	P1	1	1.010146	0.010146	1.010146	0.010146	1.034368	0.034368	1.034368	0.034368
92	623	P50	3	2.951530	-0.016157	2.951530	-0.016157	3.022303	0.007434	3.022303	0.007434
92	623	P75	3	3.019657	0.006552	3.019657	0.006552	3.092063	0.030688	3.092063	0.030688
92	623	P90	4	4.028041	0.007010	4.028041	0.007010	3.949269	-0.012683	3.949269	-0.012683
92	623	P95	4	4.066157	0.016539	4.066157	0.016539	3.986639	-0.003340	3.986639	-0.003340
92	623	P99	66	66.053817	0.000815	66.053817	0.000815	67.637676	0.024813	67.637676	0.024813
92	623	P999	165	171.787777	0.041138	171.787777	0.041138	168.428311	0.020778	168.428311	0.020778
93	623	P1	1	1.021402	0.021402	1.021402	0.021402	1.030879	0.030879	1.030879	0.030879
93	623	P50	2	2.055467	0.027734	2.055467	0.027734	1.986339	-0.006830	1.986339	-0.006830
93	623	P75	3	2.986604	-0.004465	2.986604	-0.004465	3.014313	0.004771	3.014313	0.004771
93	623	P90	3	3.047862	0.015954	3.047862	0.015954	3.076140	0.025380	3.076140	0.025380
93	623	P95	4	4.000564	0.000141	4.000564	0.000141	3.866020	-0.033495	3.866020	-0.033495
93	623	P99	4	4.138680	0.034670	4.138680	0.034670	3.999491	-0.000127	3.999491	-0.000127
93	623	P999	74	76.345182	0.031692	76.345182	0.031692	77.053515	0.041264	77.053515	0.041264
94	124	P1	1320	1338.000000	0.013636	1338.000000	0.013636	1326.299205	0.004772	1326.299205	0.004772
94	124	P50	2960	2988.909168	0.009767	2963.051039	0.001031	2962.771192	0.000936	2937.139192	-0.007723
94	124	P75	4010	4016.193269	0.001544	3981.447735	-0.007120	4015.813958	0.001450	3981.071706	-0.007214
94	124	P90	4431	4483.460482	0.011839	4483.460482	0.011839	4509.081139	0.017622	4509.081139	0.017622
94	124	P95	4829	4872.780720	0.009066	4872.780720	0.009066	4847.687225	0.003870	4847.687225	0.003870
94	124	P99	6486	6533.341488	0.007299	6533.341488	0.007299	6763.767635	0.042826	6763.767635	0.042826
94	124	P999	7170	7442.847700	0.038054	7442.847700	0.038054	7377.760083	0.028976	7377.760083	0.028976
95	104	P1	1373	1375.546471	0.001855	1375.546471	0.001855	1385.190275	0.008879	1385.190275	0.008879
95	104	P50	2778	2786.628283	0.003106	2756.525787	-0.007730	2787.937406	0.003577	2763.817956	-0.005105
95	104	P75	3336	3333.567316	-0.000729	3315.513028	-0.006141	3356.938587	0.006277	3338.757723	0.000827
95	104	P90	3885	3874.010573	-0.002829	3874.010573	-0.002829	3887.072505	0.000533	3887.072505	0.000533
95	104	P95	4344	4349.859877	0.001349	4349.859877	0.001349	4380.356263	0.008369	4380.356263	0.008369
95	104	P99	6066	6157.701941	0.015117	6157.701941	0.015117	6200.872908	0.022234	6200.872908	0.022234
95	104	P999	6970	7014.915386	0.006444	7014.915386	0.006444	7064.096182	0.013500	7064.096182	0.013500
